id,validWordleGuess,validWordleAnswer
1,aahed,cigar
2,aalii,rebut
3,aargh,humph
4,aarti,awake
5,abaca,blush
6,abaci,focal
7,abacs,evade
8,abaft,naval
9,abaka,serve
10,abamp,heath
11,aband,dwarf
12,abash,model
13,abask,karma
14,abaya,stink
15,abbas,grade
16,abbed,quiet
17,abbes,bench
18,abcee,abate
19,abeam,feign
20,abear,major
21,abele,death
22,abers,fresh
23,abets,crust
24,abies,stool
25,abler,colon
26,ables,abase
27,ablet,marry
28,ablow,react
29,abmho,batty
30,abohm,pride
31,aboil,floss
32,aboma,helix
33,aboon,croak
34,abord,staff
35,abore,paper
36,abram,unfed
37,abray,whelp
38,abrim,trawl
39,abrin,outdo
40,abris,adobe
41,absey,crazy
42,absit,sower
43,abuna,repay
44,abune,digit
45,abuts,crate
46,abuzz,cluck
47,abyes,spike
48,abysm,mimic
49,acais,pound
50,acari,maxim
51,accas,linen
52,accoy,unmet
53,acerb,flesh
54,acers,booby
55,aceta,forth
56,achar,first
57,ached,stand
58,aches,belly
59,achoo,ivory
60,acids,seedy
61,acidy,print
62,acing,yearn
63,acini,drain
64,ackee,bribe
65,acker,stout
66,acmes,panel
67,acmic,crass
68,acned,flume
69,acnes,offal
70,acock,agree
71,acold,error
72,acred,swirl
73,acres,argue
74,acros,bleed
75,acted,delta
76,actin,flick
77,acton,totem
78,acyls,wooer
79,adaws,front
80,adays,shrub
81,adbot,parry
82,addax,biome
83,added,lapel
84,adder,start
85,addio,greet
86,addle,goner
87,adeem,golem
88,adhan,lusty
89,adieu,loopy
90,adios,round
91,adits,audit
92,adman,lying
93,admen,gamma
94,admix,labor
95,adobo,islet
96,adown,civic
97,adoze,forge
98,adrad,corny
99,adred,moult
100,adsum,basic
101,aduki,salad
102,adunc,agate
103,adust,spicy
104,advew,spray
105,adyta,essay
106,adzed,fjord
107,adzes,spend
108,aecia,kebab
109,aedes,guild
110,aegis,aback
111,aeons,motor
112,aerie,alone
113,aeros,hatch
114,aesir,hyper
115,afald,thumb
116,afara,dowry
117,afars,ought
118,afear,belch
119,aflaj,dutch
120,afore,pilot
121,afrit,tweed
122,afros,comet
123,agama,jaunt
124,agami,enema
125,agars,steed
126,agast,abyss
127,agave,growl
128,agaze,fling
129,agene,dozen
130,agers,boozy
131,agger,erode
132,aggie,world
133,aggri,gouge
134,aggro,click
135,aggry,briar
136,aghas,great
137,agila,altar
138,agios,pulpy
139,agism,blurt
140,agist,coast
141,agita,duchy
142,aglee,groin
143,aglet,fixer
144,agley,group
145,agloo,rogue
146,aglus,badly
147,agmas,smart
148,agoge,pithy
149,agone,gaudy
150,agons,chill
151,agood,heron
152,agria,vodka
153,agrin,finer
154,agros,surer
155,agued,radio
156,agues,rouge
157,aguna,perch
158,aguti,retch
159,aheap,wrote
160,ahent,clock
161,ahigh,tilde
162,ahind,store
163,ahing,prove
164,ahint,bring
165,ahold,solve
166,ahull,cheat
167,ahuru,grime
168,aidas,exult
169,aided,usher
170,aides,epoch
171,aidoi,triad
172,aidos,break
173,aiery,rhino
174,aigas,viral
175,aight,conic
176,ailed,masse
177,aimed,sonic
178,aimer,vital
179,ainee,trace
180,ainga,using
181,aioli,peach
182,aired,champ
183,airer,baton
184,airns,brake
185,airth,pluck
186,airts,craze
187,aitch,gripe
188,aitus,weary
189,aiver,picky
190,aiyee,acute
191,aizle,ferry
192,ajies,aside
193,ajiva,tapir
194,ajuga,troll
195,ajwan,unify
196,akees,rebus
197,akela,boost
198,akene,truss
199,aking,siege
200,akita,tiger
201,akkas,banal
202,alaap,slump
203,alack,crank
204,alamo,gorge
205,aland,query
206,alane,drink
207,alang,favor
208,alans,abbey
209,alant,tangy
210,alapa,panic
211,alaps,solar
212,alary,shire
213,alate,proxy
214,alays,point
215,albas,robot
216,albee,prick
217,alcid,wince
218,alcos,crimp
219,aldea,knoll
220,alder,sugar
221,aldol,whack
222,aleck,mount
223,alecs,perky
224,alefs,could
225,aleft,wrung
226,aleph,light
227,alews,those
228,aleye,moist
229,alfas,shard
230,algal,pleat
231,algas,aloft
232,algid,skill
233,algin,elder
234,algor,frame
235,algum,humor
236,alias,pause
237,alifs,ulcer
238,aline,ultra
239,alist,robin
240,aliya,cynic
241,alkie,aroma
242,alkos,caulk
243,alkyd,shake
244,alkyl,dodge
245,allee,swill
246,allel,tacit
247,allis,other
248,allod,thorn
249,allyl,trove
250,almah,bloke
251,almas,vivid
252,almeh,spill
253,almes,chant
254,almud,choke
255,almug,rupee
256,alods,nasty
257,aloed,mourn
258,aloes,ahead
259,aloha,brine
260,aloin,cloth
261,aloos,hoard
262,alowe,sweet
263,altho,month
264,altos,lapse
265,alula,watch
266,alums,today
267,alure,focus
268,alvar,smelt
269,alway,tease
270,amahs,cater
271,amain,movie
272,amate,saute
273,amaut,allow
274,amban,renew
275,ambit,their
276,ambos,slosh
277,ambry,purge
278,ameba,chest
279,ameer,depot
280,amene,epoxy
281,amens,nymph
282,ament,found
283,amias,shall
284,amice,harry
285,amici,stove
286,amide,lowly
287,amido,snout
288,amids,trope
289,amies,fewer
290,amiga,shawl
291,amigo,natal
292,amine,comma
293,amino,foray
294,amins,scare
295,amirs,stair
296,amlas,black
297,amman,squad
298,ammon,royal
299,ammos,chunk
300,amnia,mince
301,amnic,shame
302,amnio,cheek
303,amoks,ample
304,amole,flair
305,amort,foyer
306,amour,cargo
307,amove,oxide
308,amowt,plant
309,amped,olive
310,ampul,inert
311,amrit,askew
312,amuck,heist
313,amyls,shown
314,anana,zesty
315,anata,hasty
316,ancho,trash
317,ancle,fella
318,ancon,larva
319,andro,forgo
320,anear,story
321,anele,hairy
322,anent,train
323,angas,homer
324,anglo,badge
325,anigh,midst
326,anile,canny
327,anils,fetus
328,anima,butch
329,animi,farce
330,anion,slung
331,anise,tipsy
332,anker,metal
333,ankhs,yield
334,ankus,delve
335,anlas,being
336,annal,scour
337,annas,glass
338,annat,gamer
339,anoas,scrap
340,anole,money
341,anomy,hinge
342,ansae,album
343,antae,vouch
344,antar,asset
345,antas,tiara
346,anted,crept
347,antes,bayou
348,antis,atoll
349,antra,manor
350,antre,creak
351,antsy,showy
352,anura,phase
353,anyon,froth
354,apace,depth
355,apage,gloom
356,apaid,flood
357,apayd,trait
358,apays,girth
359,apeak,piety
360,apeek,payer
361,apers,goose
362,apert,float
363,apery,donor
364,apgar,atone
365,aphis,primo
366,apian,apron
367,apiol,blown
368,apish,cacao
369,apism,loser
370,apode,input
371,apods,gloat
372,apoop,awful
373,aport,brink
374,appal,smite
375,appay,beady
376,appel,rusty
377,appro,retro
378,appui,droll
379,appuy,gawky
380,apres,hutch
381,apses,pinto
382,apsis,gaily
383,apsos,egret
384,apted,lilac
385,apter,sever
386,aquae,field
387,aquas,fluff
388,araba,hydro
389,araks,flack
390,arame,agape
391,arars,voice
392,arbas,stead
393,arced,stalk
394,archi,berth
395,arcos,madam
396,arcus,night
397,ardeb,bland
398,ardri,liver
399,aread,wedge
400,areae,augur
401,areal,roomy
402,arear,wacky
403,areas,flock
404,areca,angry
405,aredd,bobby
406,arede,trite
407,arefy,aphid
408,areic,tryst
409,arene,midge
410,arepa,power
411,arere,elope
412,arete,cinch
413,arets,motto
414,arett,stomp
415,argal,upset
416,argan,bluff
417,argil,cramp
418,argle,quart
419,argol,coyly
420,argon,youth
421,argot,rhyme
422,argus,buggy
423,arhat,alien
424,arias,smear
425,ariel,unfit
426,ariki,patty
427,arils,cling
428,ariot,glean
429,arish,label
430,arked,hunky
431,arled,khaki
432,arles,poker
433,armed,gruel
434,armer,twice
435,armet,twang
436,armil,shrug
437,arnas,treat
438,arnut,unlit
439,aroba,waste
440,aroha,merit
441,aroid,woven
442,arpas,octal
443,arpen,needy
444,arrah,clown
445,arras,widow
446,arret,irony
447,arris,ruder
448,arroz,gauze
449,arsed,chief
450,arses,onset
451,arsey,prize
452,arsis,fungi
453,artal,charm
454,artel,gully
455,artic,inter
456,artis,whoop
457,aruhe,taunt
458,arums,leery
459,arval,class
460,arvee,theme
461,arvos,lofty
462,aryls,tibia
463,asana,booze
464,ascon,alpha
465,ascus,thyme
466,asdic,eclat
467,ashed,doubt
468,ashes,parer
469,ashet,chute
470,asked,stick
471,asker,trice
472,askoi,alike
473,askos,sooth
474,aspen,recap
475,asper,saint
476,aspic,liege
477,aspie,glory
478,aspis,grate
479,aspro,admit
480,assai,brisk
481,assam,soggy
482,asses,usurp
483,assez,scald
484,assot,scorn
485,aster,leave
486,astir,twine
487,astun,sting
488,asura,bough
489,asway,marsh
490,aswim,sloth
491,asyla,dandy
492,ataps,vigor
493,ataxy,howdy
494,atigi,enjoy
495,atilt,valid
496,atimy,ionic
497,atlas,equal
498,atman,unset
499,atmas,floor
500,atmos,catch
501,atocs,spade
502,atoke,stein
503,atoks,exist
504,atoms,quirk
505,atomy,denim
506,atony,grove
507,atopy,spiel
508,atria,mummy
509,atrip,fault
510,attap,foggy
511,attar,flout
512,atuas,carry
513,audad,sneak
514,auger,libel
515,aught,waltz
516,aulas,aptly
517,aulic,piney
518,auloi,inept
519,aulos,aloud
520,aumil,photo
521,aunes,dream
522,aunts,stale
523,aurae,vomit
524,aural,ombre
525,aurar,fanny
526,auras,unite
527,aurei,snarl
528,aures,baker
529,auric,there
530,auris,glyph
531,aurum,pooch
532,autos,hippy
533,auxin,spell
534,avale,folly
535,avant,louse
536,avast,gulch
537,avels,vault
538,avens,godly
539,avers,threw
540,avgas,fleet
541,avine,grave
542,avion,inane
543,avise,shock
544,aviso,crave
545,avize,spite
546,avows,valve
547,avyze,skimp
548,awarn,claim
549,awato,rainy
550,awave,musty
551,aways,pique
552,awdls,daddy
553,aweel,quasi
554,aweto,arise
555,awing,aging
556,awmry,valet
557,awned,opium
558,awner,avert
559,awols,stuck
560,awork,recut
561,axels,mulch
562,axile,genre
563,axils,plume
564,axing,rifle
565,axite,count
566,axled,incur
567,axles,total
568,axman,wrest
569,axmen,mocha
570,axoid,deter
571,axone,study
572,axons,lover
573,ayahs,safer
574,ayaya,rivet
575,ayelp,funny
576,aygre,smoke
577,ayins,mound
578,ayont,undue
579,ayres,sedan
580,ayrie,pagan
581,azans,swine
582,azide,guile
583,azido,gusty
584,azine,equip
585,azlon,tough
586,azoic,canoe
587,azole,chaos
588,azons,covet
589,azote,human
590,azoth,udder
591,azuki,lunch
592,azurn,blast
593,azury,stray
594,azygy,manga
595,azyme,melee
596,azyms,lefty
597,baaed,quick
598,baals,paste
599,babas,given
600,babel,octet
601,babes,risen
602,babka,groan
603,baboo,leaky
604,babul,grind
605,babus,carve
606,bacca,loose
607,bacco,sadly
608,baccy,spilt
609,bacha,apple
610,bachs,slack
611,backs,honey
612,baddy,final
613,baels,sheen
614,baffs,eerie
615,baffy,minty
616,bafts,slick
617,baghs,derby
618,bagie,wharf
619,bahts,spelt
620,bahus,coach
621,bahut,erupt
622,bails,singe
623,bairn,price
624,baisa,spawn
625,baith,fairy
626,baits,jiffy
627,baiza,filmy
628,baize,stack
629,bajan,chose
630,bajra,sleep
631,bajri,ardor
632,bajus,nanny
633,baked,niece
634,baken,woozy
635,bakes,handy
636,bakra,grace
637,balas,ditto
638,balds,stank
639,baldy,cream
640,baled,usual
641,bales,diode
642,balks,valor
643,balky,angle
644,balls,ninja
645,bally,muddy
646,balms,chase
647,baloo,reply
648,balsa,prone
649,balti,spoil
650,balun,heart
651,balus,shade
652,bambi,diner
653,banak,arson
654,banco,onion
655,bancs,sleet
656,banda,dowel
657,bandh,couch
658,bands,palsy
659,bandy,bowel
660,baned,smile
661,banes,evoke
662,bangs,creek
663,bania,lance
664,banks,eagle
665,banns,idiot
666,bants,siren
667,bantu,built
668,banty,embed
669,banya,award
670,bapus,dross
671,barbe,annul
672,barbs,goody
673,barby,frown
674,barca,patio
675,barde,laden
676,bardo,humid
677,bards,elite
678,bardy,lymph
679,bared,edify
680,barer,might
681,bares,reset
682,barfi,visit
683,barfs,gusto
684,baric,purse
685,barks,vapor
686,barky,crock
687,barms,write
688,barmy,sunny
689,barns,loath
690,barny,chaff
691,barps,slide
692,barra,queer
693,barre,venom
694,barro,stamp
695,barry,sorry
696,barye,still
697,basan,acorn
698,based,aping
699,basen,pushy
700,baser,tamer
701,bases,hater
702,basho,mania
703,basij,awoke
704,basks,brawn
705,bason,swift
706,basse,exile
707,bassi,birch
708,basso,lucky
709,bassy,freer
710,basta,risky
711,basti,ghost
712,basto,plier
713,basts,lunar
714,bated,winch
715,bates,snare
716,baths,nurse
717,batik,house
718,batta,borax
719,batts,nicer
720,battu,lurch
721,bauds,exalt
722,bauks,about
723,baulk,savvy
724,baurs,toxin
725,bavin,tunic
726,bawds,pried
727,bawks,inlay
728,bawls,chump
729,bawns,lanky
730,bawrs,cress
731,bawty,eater
732,bayed,elude
733,bayer,cycle
734,bayes,kitty
735,bayle,boule
736,bayts,moron
737,bazar,tenet
738,bazoo,place
739,beads,lobby
740,beaks,plush
741,beaky,vigil
742,beals,index
743,beams,blink
744,beamy,clung
745,beano,qualm
746,beans,croup
747,beany,clink
748,beare,juicy
749,bears,stage
750,beath,decay
751,beats,nerve
752,beaty,flier
753,beaus,shaft
754,beaut,crook
755,beaux,clean
756,bebop,china
757,becap,ridge
758,becke,vowel
759,becks,gnome
760,bedad,snuck
761,bedel,icing
762,bedes,spiny
763,bedew,rigor
764,bedim,snail
765,bedye,flown
766,beedi,rabid
767,beefs,prose
768,beeps,thank
769,beers,poppy
770,beery,budge
771,beets,fiber
772,befog,moldy
773,begad,dowdy
774,begar,kneel
775,begem,track
776,begot,caddy
777,begum,quell
778,beige,dumpy
779,beigy,paler
780,beins,swore
781,bekah,rebar
782,belah,scuba
783,belar,splat
784,belay,flyer
785,belee,horny
786,belga,mason
787,bells,doing
788,belon,ozone
789,belts,amply
790,bemad,molar
791,bemas,ovary
792,bemix,beset
793,bemud,queue
794,bends,cliff
795,bendy,magic
796,benes,truce
797,benet,sport
798,benga,fritz
799,benis,edict
800,benne,twirl
801,benni,verse
802,benny,llama
803,bento,eaten
804,bents,range
805,benty,whisk
806,bepat,hovel
807,beray,rehab
808,beres,macaw
809,bergs,sigma
810,berko,spout
811,berks,verve
812,berme,sushi
813,berms,dying
814,berob,fetid
815,beryl,brain
816,besat,buddy
817,besaw,thump
818,besee,scion
819,beses,candy
820,besit,chord
821,besom,basin
822,besot,march
823,besti,crowd
824,bests,arbor
825,betas,gayly
826,beted,musky
827,betes,stain
828,beths,dally
829,betid,bless
830,beton,bravo
831,betta,stung
832,betty,title
833,bever,ruler
834,bevor,kiosk
835,bevue,blond
836,bevvy,ennui
837,bewet,layer
838,bewig,fluid
839,bezes,tatty
840,bezil,score
841,bezzy,cutie
842,bhais,zebra
843,bhaji,barge
844,bhang,matey
845,bhats,bluer
846,bhels,aider
847,bhoot,shook
848,bhuna,river
849,bhuts,privy
850,biach,betel
851,biali,frisk
852,bialy,bongo
853,bibbs,begun
854,bibes,azure
855,biccy,weave
856,bices,genie
857,bided,sound
858,bider,glove
859,bides,braid
860,bidet,scope
861,bidis,wryly
862,bidon,rover
863,bield,assay
864,biers,ocean
865,biffo,bloom
866,biffs,irate
867,biffy,later
868,bifid,woken
869,bigae,silky
870,biggs,wreck
871,biggy,dwelt
872,bigha,slate
873,bight,smack
874,bigly,solid
875,bigos,amaze
876,bijou,hazel
877,biked,wrist
878,biker,jolly
879,bikes,globe
880,bikie,flint
881,bilbo,rouse
882,bilby,civil
883,biled,vista
884,biles,relax
885,bilgy,cover
886,bilks,alive
887,bills,beech
888,bimah,jetty
889,bimas,bliss
890,bimbo,vocal
891,binal,often
892,bindi,dolly
893,binds,eight
894,biner,joker
895,bines,since
896,bings,event
897,bingy,ensue
898,binit,shunt
899,binks,diver
900,bints,poser
901,biogs,worst
902,biont,sweep
903,biota,alley
904,biped,creed
905,bipod,anime
906,birds,leafy
907,birks,bosom
908,birle,dunce
909,birls,stare
910,biros,pudgy
911,birrs,waive
912,birse,choir
913,birsy,stood
914,bises,spoke
915,bisks,outgo
916,bisom,delay
917,biter,bilge
918,bites,ideal
919,bitos,clasp
920,bitou,seize
921,bitsy,hotly
922,bitte,laugh
923,bitts,sieve
924,bivia,block
925,bivvy,meant
926,bizes,grape
927,bizzo,noose
928,bizzy,hardy
929,blabs,shied
930,blads,drawl
931,blady,daisy
932,blaer,putty
933,blaes,strut
934,blaff,burnt
935,blags,tulip
936,blahs,crick
937,blain,idyll
938,blams,vixen
939,blart,furor
940,blase,geeky
941,blash,cough
942,blate,naive
943,blats,shoal
944,blatt,stork
945,blaud,bathe
946,blawn,aunty
947,blaws,check
948,blays,prime
949,blear,brass
950,blebs,outer
951,blech,furry
952,blees,razor
953,blent,elect
954,blert,evict
955,blest,imply
956,blets,demur
957,bleys,quota
958,blimy,haven
959,bling,cavil
960,blini,swear
961,blins,crump
962,bliny,dough
963,blips,gavel
964,blist,wagon
965,blite,salon
966,blits,nudge
967,blive,harem
968,blobs,pitch
969,blocs,sworn
970,blogs,pupil
971,blook,excel
972,bloop,stony
973,blore,cabin
974,blots,unzip
975,blows,queen
976,blowy,trout
977,blubs,polyp
978,blude,earth
979,bluds,storm
980,bludy,until
981,blued,taper
982,blues,enter
983,bluet,child
984,bluey,adopt
985,bluid,minor
986,blume,fatty
987,blunk,husky
988,blurs,brave
989,blype,filet
990,boabs,slime
991,boaks,glint
992,boars,tread
993,boart,steal
994,boats,regal
995,bobac,guest
996,bobak,every
997,bobas,murky
998,bobol,share
999,bobos,spore
1000,bocca,hoist
1001,bocce,buxom
1002,bocci,inner
1003,boche,otter
1004,bocks,dimly
1005,boded,level
1006,bodes,sumac
1007,bodge,donut
1008,bodhi,stilt
1009,bodle,arena
1010,boeps,sheet
1011,boets,scrub
1012,boeuf,fancy
1013,boffo,slimy
1014,boffs,pearl
1015,bogan,silly
1016,bogey,porch
1017,boggy,dingo
1018,bogie,sepia
1019,bogle,amble
1020,bogue,shady
1021,bogus,bread
1022,bohea,friar
1023,bohos,reign
1024,boils,dairy
1025,boing,quill
1026,boink,cross
1027,boite,brood
1028,boked,tuber
1029,bokeh,shear
1030,bokes,posit
1031,bokos,blank
1032,bolar,villa
1033,bolas,shank
1034,bolds,piggy
1035,boles,freak
1036,bolix,which
1037,bolls,among
1038,bolos,fecal
1039,bolts,shell
1040,bolus,would
1041,bomas,algae
1042,bombe,large
1043,bombo,rabbi
1044,bombs,agony
1045,bonce,amuse
1046,bonds,bushy
1047,boned,copse
1048,boner,swoon
1049,bones,knife
1050,bongs,pouch
1051,bonie,ascot
1052,bonks,plane
1053,bonne,crown
1054,bonny,urban
1055,bonza,snide
1056,bonze,relay
1057,booai,abide
1058,booay,viola
1059,boobs,rajah
1060,boody,straw
1061,booed,dilly
1062,boofy,crash
1063,boogy,amass
1064,boohs,third
1065,books,trick
1066,booky,tutor
1067,bools,woody
1068,booms,blurb
1069,boomy,grief
1070,boong,disco
1071,boons,where
1072,boord,sassy
1073,boors,beach
1074,boose,sauna
1075,boots,comic
1076,boppy,clued
1077,borak,creep
1078,boral,caste
1079,boras,graze
1080,borde,snuff
1081,bords,frock
1082,bored,gonad
1083,boree,drunk
1084,borel,prong
1085,borer,lurid
1086,bores,steel
1087,borgo,halve
1088,boric,buyer
1089,borks,vinyl
1090,borms,utile
1091,borna,smell
1092,boron,adage
1093,borts,worry
1094,borty,tasty
1095,bortz,local
1096,bosie,trade
1097,bosks,finch
1098,bosky,ashen
1099,boson,modal
1100,bosun,gaunt
1101,botas,clove
1102,botel,enact
1103,botes,adorn
1104,bothy,roast
1105,botte,speck
1106,botts,sheik
1107,botty,missy
1108,bouge,grunt
1109,bouks,snoop
1110,boult,party
1111,bouns,touch
1112,bourd,mafia
1113,bourg,emcee
1114,bourn,array
1115,bouse,south
1116,bousy,vapid
1117,bouts,jelly
1118,bovid,skulk
1119,bowat,angst
1120,bowed,tubal
1121,bower,lower
1122,bowes,crest
1123,bowet,sweat
1124,bowie,cyber
1125,bowls,adore
1126,bowne,tardy
1127,bowrs,swami
1128,bowse,notch
1129,boxed,groom
1130,boxen,roach
1131,boxes,hitch
1132,boxla,young
1133,boxty,align
1134,boyar,ready
1135,boyau,frond
1136,boyed,strap
1137,boyfs,puree
1138,boygs,realm
1139,boyla,venue
1140,boyos,swarm
1141,boysy,offer
1142,bozos,seven
1143,braai,dryer
1144,brach,diary
1145,brack,dryly
1146,bract,drank
1147,brads,acrid
1148,braes,heady
1149,brags,theta
1150,brail,junto
1151,braks,pixie
1152,braky,quoth
1153,brame,bonus
1154,brane,shalt
1155,brank,penne
1156,brans,amend
1157,brant,datum
1158,brast,build
1159,brats,piano
1160,brava,shelf
1161,bravi,lodge
1162,braws,suing
1163,braxy,rearm
1164,brays,coral
1165,braza,ramen
1166,braze,worth
1167,bream,psalm
1168,brede,infer
1169,breds,overt
1170,breem,mayor
1171,breer,ovoid
1172,brees,glide
1173,breid,usage
1174,breis,poise
1175,breme,randy
1176,brens,chuck
1177,brent,prank
1178,brere,fishy
1179,brers,tooth
1180,breve,ether
1181,brews,drove
1182,breys,idler
1183,brier,swath
1184,bries,stint
1185,brigs,while
1186,briki,begat
1187,briks,apply
1188,brill,slang
1189,brims,tarot
1190,brins,radar
1191,brios,credo
1192,brise,aware
1193,briss,canon
1194,brith,shift
1195,brits,timer
1196,britt,bylaw
1197,brize,serum
1198,broch,three
1199,brock,steak
1200,brods,iliac
1201,brogh,shirk
1202,brogs,blunt
1203,brome,puppy
1204,bromo,penal
1205,bronc,joist
1206,brond,bunny
1207,brool,shape
1208,broos,beget
1209,brose,wheel
1210,brosy,adept
1211,brows,stunt
1212,brugh,stole
1213,bruin,topaz
1214,bruit,chore
1215,brule,fluke
1216,brume,afoot
1217,brung,bloat
1218,brusk,bully
1219,brust,dense
1220,bruts,caper
1221,buats,sneer
1222,buaze,boxer
1223,bubal,jumbo
1224,bubas,lunge
1225,bubba,space
1226,bubbe,avail
1227,bubby,short
1228,bubus,slurp
1229,buchu,loyal
1230,bucko,flirt
1231,bucks,pizza
1232,bucku,conch
1233,budas,tempo
1234,budis,droop
1235,budos,plate
1236,buffa,bible
1237,buffe,plunk
1238,buffi,afoul
1239,buffo,savoy
1240,buffs,steep
1241,buffy,agile
1242,bufos,stake
1243,bufty,dwell
1244,buhls,knave
1245,buhrs,beard
1246,buiks,arose
1247,buist,motif
1248,bukes,smash
1249,bulbs,broil
1250,bulgy,glare
1251,bulks,shove
1252,bulla,baggy
1253,bulls,mammy
1254,bulse,swamp
1255,bumbo,along
1256,bumfs,rugby
1257,bumph,wager
1258,bumps,quack
1259,bumpy,squat
1260,bunas,snaky
1261,bunce,debit
1262,bunco,mange
1263,bunde,skate
1264,bundh,ninth
1265,bunds,joust
1266,bundt,tramp
1267,bundu,spurn
1268,bundy,medal
1269,bungs,micro
1270,bungy,rebel
1271,bunia,flank
1272,bunje,learn
1273,bunjy,nadir
1274,bunko,maple
1275,bunks,comfy
1276,bunns,remit
1277,bunts,gruff
1278,bunty,ester
1279,bunya,least
1280,buoys,mogul
1281,buppy,fetch
1282,buran,cause
1283,buras,oaken
1284,burbs,aglow
1285,burds,meaty
1286,buret,gaffe
1287,burfi,shyly
1288,burgh,racer
1289,burgs,prowl
1290,burin,thief
1291,burka,stern
1292,burke,poesy
1293,burks,rocky
1294,burls,tweet
1295,burns,waist
1296,buroo,spire
1297,burps,grope
1298,burqa,havoc
1299,burro,patsy
1300,burrs,truly
1301,burry,forty
1302,bursa,deity
1303,burse,uncle
1304,busby,swish
1305,buses,giver
1306,busks,preen
1307,busky,bevel
1308,bussu,lemur
1309,busti,draft
1310,busts,slope
1311,busty,annoy
1312,buteo,lingo
1313,butes,bleak
1314,butle,ditty
1315,butoh,curly
1316,butts,cedar
1317,butty,dirge
1318,butut,grown
1319,butyl,horde
1320,buzzy,drool
1321,bwana,shuck
1322,bwazi,crypt
1323,byded,cumin
1324,bydes,stock
1325,byked,gravy
1326,bykes,locus
1327,byres,wider
1328,byrls,breed
1329,byssi,quite
1330,bytes,chafe
1331,byway,cache
1332,caaed,blimp
1333,cabas,deign
1334,caber,fiend
1335,cabob,logic
1336,caboc,cheap
1337,cabre,elide
1338,cacas,rigid
1339,cacks,FALSE
1340,cacky,renal
1341,cadee,pence
1342,cades,rowdy
1343,cadge,shoot
1344,cadgy,blaze
1345,cadie,envoy
1346,cadis,posse
1347,cadre,brief
1348,caeca,never
1349,caese,abort
1350,cafes,mouse
1351,caffs,mucky
1352,caged,sulky
1353,cager,fiery
1354,cages,media
1355,cagot,trunk
1356,cahow,yeast
1357,caids,clear
1358,cains,skunk
1359,caird,scalp
1360,cajon,bitty
1361,cajun,cider
1362,caked,koala
1363,cakes,duvet
1364,cakey,segue
1365,calfs,creme
1366,calid,super
1367,calif,grill
1368,calix,after
1369,calks,owner
1370,calla,ember
1371,calls,reach
1372,calms,nobly
1373,calmy,empty
1374,calos,speed
1375,calpa,gipsy
1376,calps,recur
1377,calve,smock
1378,calyx,dread
1379,caman,merge
1380,camas,burst
1381,cames,kappa
1382,camis,amity
1383,camos,shaky
1384,campi,hover
1385,campo,carol
1386,camps,snort
1387,campy,synod
1388,camus,faint
1389,caned,haunt
1390,caneh,flour
1391,caner,chair
1392,canes,detox
1393,cangs,shrew
1394,canid,tense
1395,canna,plied
1396,canns,quark
1397,canso,burly
1398,canst,novel
1399,canto,waxen
1400,cants,stoic
1401,canty,jerky
1402,capas,blitz
1403,caped,beefy
1404,capes,lyric
1405,capex,hussy
1406,caphs,towel
1407,capiz,quilt
1408,caple,below
1409,capon,bingo
1410,capos,wispy
1411,capot,brash
1412,capri,scone
1413,capul,toast
1414,carap,easel
1415,carbo,saucy
1416,carbs,value
1417,carby,spice
1418,cardi,honor
1419,cards,route
1420,cardy,sharp
1421,cared,bawdy
1422,carer,radii
1423,cares,skull
1424,caret,phony
1425,carex,issue
1426,carks,lager
1427,carle,swell
1428,carls,urine
1429,carns,gassy
1430,carny,trial
1431,carob,flora
1432,carom,upper
1433,caron,latch
1434,carpi,wight
1435,carps,brick
1436,carrs,retry
1437,carse,holly
1438,carta,decal
1439,carte,grass
1440,carts,shack
1441,carvy,dogma
1442,casas,mover
1443,casco,defer
1444,cased,sober
1445,cases,optic
1446,casks,crier
1447,casky,vying
1448,casts,nomad
1449,casus,flute
1450,cates,hippo
1451,cauda,shark
1452,cauks,drier
1453,cauld,obese
1454,cauls,bugle
1455,caums,tawny
1456,caups,chalk
1457,cauri,feast
1458,causa,ruddy
1459,cavas,pedal
1460,caved,scarf
1461,cavel,cruel
1462,caver,bleat
1463,caves,tidal
1464,cavie,slush
1465,cawed,semen
1466,cawks,windy
1467,caxon,dusty
1468,ceaze,sally
1469,cebid,igloo
1470,cecal,nerdy
1471,cecum,jewel
1472,ceded,shone
1473,ceder,whale
1474,cedes,hymen
1475,cedis,abuse
1476,ceiba,fugue
1477,ceili,elbow
1478,ceils,crumb
1479,celeb,pansy
1480,cella,welsh
1481,celli,syrup
1482,cells,terse
1483,celom,suave
1484,celts,gamut
1485,cense,swung
1486,cento,drake
1487,cents,freed
1488,centu,afire
1489,ceorl,shirt
1490,cepes,grout
1491,cerci,oddly
1492,cered,tithe
1493,ceres,plaid
1494,cerge,dummy
1495,ceria,broom
1496,ceric,blind
1497,cerne,torch
1498,ceroc,enemy
1499,ceros,again
1500,certs,tying
1501,certy,pesky
1502,cesse,alter
1503,cesta,gazer
1504,cesti,noble
1505,cetes,ethos
1506,cetyl,bride
1507,cezve,extol
1508,chace,decor
1509,chack,hobby
1510,chaco,beast
1511,chado,idiom
1512,chads,utter
1513,chaft,these
1514,chais,sixth
1515,chals,alarm
1516,chams,erase
1517,chana,elegy
1518,chang,spunk
1519,chank,piper
1520,chape,scaly
1521,chaps,scold
1522,chapt,hefty
1523,chara,chick
1524,chare,sooty
1525,chark,canal
1526,charr,whiny
1527,chars,slash
1528,chary,quake
1529,chats,joint
1530,chave,swept
1531,chavs,prude
1532,chawk,heavy
1533,chaws,wield
1534,chaya,femme
1535,chays,lasso
1536,cheep,maize
1537,chefs,shale
1538,cheka,screw
1539,chela,spree
1540,chelp,smoky
1541,chemo,whiff
1542,chems,scent
1543,chere,glade
1544,chert,spent
1545,cheth,prism
1546,chevy,stoke
1547,chews,riper
1548,chewy,orbit
1549,chiao,cocoa
1550,chias,guilt
1551,chibs,humus
1552,chica,shush
1553,chich,table
1554,chico,smirk
1555,chics,wrong
1556,chiel,noisy
1557,chiks,alert
1558,chile,shiny
1559,chimb,elate
1560,chimo,resin
1561,chimp,whole
1562,chine,hunch
1563,ching,pixel
1564,chino,polar
1565,chins,hotel
1566,chips,sword
1567,chirk,cleat
1568,chirl,mango
1569,chirm,rumba
1570,chiro,puffy
1571,chirr,filly
1572,chirt,billy
1573,chiru,leash
1574,chits,clout
1575,chive,dance
1576,chivs,ovate
1577,chivy,facet
1578,chizz,chili
1579,choco,paint
1580,chocs,liner
1581,chode,curio
1582,chogs,salty
1583,choil,audio
1584,choko,snake
1585,choky,fable
1586,chola,cloak
1587,choli,navel
1588,cholo,spurt
1589,chomp,pesto
1590,chons,balmy
1591,choof,flash
1592,chook,unwed
1593,choom,early
1594,choon,churn
1595,chops,weedy
1596,chota,stump
1597,chott,lease
1598,chout,witty
1599,choux,wimpy
1600,chowk,spoof
1601,chows,saner
1602,chubs,blend
1603,chufa,salsa
1604,chuff,thick
1605,chugs,warty
1606,chums,manic
1607,churl,blare
1608,churr,squib
1609,chuse,spoon
1610,chuts,probe
1611,chyle,crepe
1612,chyme,knack
1613,chynd,force
1614,cibol,debut
1615,cided,order
1616,cides,haste
1617,ciels,teeth
1618,ciggy,agent
1619,cilia,widen
1620,cills,icily
1621,cimar,slice
1622,cimex,ingot
1623,cinct,clash
1624,cines,juror
1625,cinqs,blood
1626,cions,abode
1627,cippi,throw
1628,circs,unity
1629,cires,pivot
1630,cirls,slept
1631,cirri,troop
1632,cisco,spare
1633,cissy,sewer
1634,cists,parse
1635,cital,morph
1636,cited,cacti
1637,citer,tacky
1638,cites,spool
1639,cives,demon
1640,civet,moody
1641,civie,annex
1642,civvy,begin
1643,clach,fuzzy
1644,clade,patch
1645,clads,water
1646,claes,lumpy
1647,clags,admin
1648,clame,omega
1649,clams,limit
1650,clans,tabby
1651,claps,macho
1652,clapt,aisle
1653,claro,skiff
1654,clart,basis
1655,clary,plank
1656,clast,verge
1657,clats,botch
1658,claut,crawl
1659,clave,lousy
1660,clavi,slain
1661,claws,cubic
1662,clays,raise
1663,cleck,wrack
1664,cleek,guide
1665,cleep,foist
1666,clefs,cameo
1667,clegs,under
1668,cleik,actor
1669,clems,revue
1670,clepe,fraud
1671,clept,harpy
1672,cleve,scoop
1673,clews,climb
1674,clied,refer
1675,clies,olden
1676,clift,clerk
1677,clime,debar
1678,cline,tally
1679,clint,ethic
1680,clipe,cairn
1681,clips,tulle
1682,clipt,ghoul
1683,clits,hilly
1684,cloam,crude
1685,clods,apart
1686,cloff,scale
1687,clogs,older
1688,cloke,plain
1689,clomb,sperm
1690,clomp,briny
1691,clonk,abbot
1692,clons,rerun
1693,cloop,quest
1694,cloot,crisp
1695,clops,bound
1696,clote,befit
1697,clots,drawn
1698,clour,suite
1699,clous,itchy
1700,clows,cheer
1701,cloye,bagel
1702,cloys,guess
1703,cloze,broad
1704,clubs,axiom
1705,clues,chard
1706,cluey,caput
1707,clunk,leant
1708,clype,harsh
1709,cnida,curse
1710,coact,proud
1711,coady,swing
1712,coala,opine
1713,coals,taste
1714,coaly,lupus
1715,coapt,gumbo
1716,coarb,miner
1717,coate,green
1718,coati,chasm
1719,coats,lipid
1720,cobbs,topic
1721,cobby,armor
1722,cobia,brush
1723,coble,crane
1724,cobza,mural
1725,cocas,abled
1726,cocci,habit
1727,cocco,bossy
1728,cocks,maker
1729,cocky,dusky
1730,cocos,dizzy
1731,codas,lithe
1732,codec,brook
1733,coded,jazzy
1734,coden,fifty
1735,coder,sense
1736,codes,giant
1737,codex,surly
1738,codon,legal
1739,coeds,fatal
1740,coffs,flunk
1741,cogie,began
1742,cogon,prune
1743,cogue,small
1744,cohab,slant
1745,cohen,scoff
1746,cohoe,torus
1747,cohog,ninny
1748,cohos,covey
1749,coifs,viper
1750,coign,taken
1751,coils,moral
1752,coins,vogue
1753,coirs,owing
1754,coits,token
1755,coked,entry
1756,cokes,booth
1757,colas,voter
1758,colby,chide
1759,colds,elfin
1760,coled,ebony
1761,coles,neigh
1762,coley,minim
1763,colic,melon
1764,colin,kneed
1765,colls,decoy
1766,colly,voila
1767,colog,ankle
1768,colts,arrow
1769,colza,mushy
1770,comae,tribe
1771,comal,cease
1772,comas,eager
1773,combe,birth
1774,combi,graph
1775,combo,odder
1776,combs,terra
1777,comby,weird
1778,comer,tried
1779,comes,clack
1780,comix,color
1781,commo,rough
1782,comms,weigh
1783,commy,uncut
1784,compo,ladle
1785,comps,strip
1786,compt,craft
1787,comte,minus
1788,comus,dicey
1789,coned,titan
1790,cones,lucid
1791,coney,vicar
1792,confs,dress
1793,conga,ditch
1794,conge,gypsy
1795,congo,pasta
1796,conia,taffy
1797,conin,flame
1798,conks,swoop
1799,conky,aloof
1800,conne,sight
1801,conns,broke
1802,conte,teary
1803,conto,chart
1804,conus,sixty
1805,convo,wordy
1806,cooch,sheer
1807,cooed,leper
1808,cooee,nosey
1809,cooer,bulge
1810,cooey,savor
1811,coofs,clamp
1812,cooks,funky
1813,cooky,foamy
1814,cools,toxic
1815,cooly,brand
1816,coomb,plumb
1817,cooms,dingy
1818,coomy,butte
1819,coops,drill
1820,coopt,tripe
1821,coost,bicep
1822,coots,tenor
1823,cooze,krill
1824,copal,worse
1825,copay,drama
1826,coped,hyena
1827,copen,think
1828,coper,ratio
1829,copes,cobra
1830,coppy,basil
1831,copra,scrum
1832,copsy,bused
1833,coqui,phone
1834,coram,court
1835,corbe,camel
1836,corby,proof
1837,cords,heard
1838,cored,angel
1839,cores,petal
1840,corey,pouty
1841,corgi,throb
1842,coria,maybe
1843,corks,fetal
1844,corky,sprig
1845,corms,spine
1846,corni,shout
1847,corno,cadet
1848,corns,macro
1849,cornu,dodgy
1850,corps,satyr
1851,corse,rarer
1852,corso,binge
1853,cosec,trend
1854,cosed,nutty
1855,coses,leapt
1856,coset,amiss
1857,cosey,split
1858,cosie,myrrh
1859,costa,width
1860,coste,sonar
1861,costs,tower
1862,cotan,baron
1863,coted,fever
1864,cotes,waver
1865,coths,spark
1866,cotta,belie
1867,cotts,sloop
1868,coude,expel
1869,coups,smote
1870,courb,baler
1871,courd,above
1872,coure,north
1873,cours,wafer
1874,couta,scant
1875,couth,frill
1876,coved,awash
1877,coves,snack
1878,covin,scowl
1879,cowal,frail
1880,cowan,drift
1881,cowed,limbo
1882,cowks,fence
1883,cowls,motel
1884,cowps,ounce
1885,cowry,wreak
1886,coxae,revel
1887,coxal,talon
1888,coxed,prior
1889,coxes,knelt
1890,coxib,cello
1891,coyau,flake
1892,coyed,debug
1893,coyer,anode
1894,coypu,crime
1895,cozed,salve
1896,cozen,scout
1897,cozes,imbue
1898,cozey,pinky
1899,cozie,stave
1900,craal,vague
1901,crabs,chock
1902,crags,fight
1903,craic,video
1904,craig,stone
1905,crake,teach
1906,crame,cleft
1907,crams,frost
1908,crans,prawn
1909,crape,booty
1910,craps,twist
1911,crapy,apnea
1912,crare,stiff
1913,craws,plaza
1914,crays,ledge
1915,creds,tweak
1916,creel,board
1917,crees,grant
1918,crems,medic
1919,crena,bacon
1920,creps,cable
1921,crepy,brawl
1922,crewe,slunk
1923,crews,raspy
1924,crias,forum
1925,cribs,drone
1926,cries,women
1927,crims,mucus
1928,crine,boast
1929,crios,toddy
1930,cripe,coven
1931,crips,tumor
1932,crise,truer
1933,crith,wrath
1934,crits,stall
1935,croci,steam
1936,crocs,axial
1937,croft,purer
1938,crogs,daily
1939,cromb,trail
1940,crome,niche
1941,cronk,mealy
1942,crons,juice
1943,crool,nylon
1944,croon,plump
1945,crops,merry
1946,crore,flail
1947,crost,papal
1948,crout,wheat
1949,crows,berry
1950,croze,cower
1951,cruck,erect
1952,crudo,brute
1953,cruds,leggy
1954,crudy,snipe
1955,crues,sinew
1956,cruet,skier
1957,cruft,penny
1958,crunk,jumpy
1959,cruor,rally
1960,crura,umbra
1961,cruse,scary
1962,crusy,modem
1963,cruve,gross
1964,crwth,avian
1965,cryer,greed
1966,ctene,satin
1967,cubby,tonic
1968,cubeb,parka
1969,cubed,sniff
1970,cuber,livid
1971,cubes,stark
1972,cubit,trump
1973,cuddy,giddy
1974,cuffo,reuse
1975,cuffs,taboo
1976,cuifs,avoid
1977,cuing,quote
1978,cuish,devil
1979,cuits,liken
1980,cukes,gloss
1981,culch,gayer
1982,culet,beret
1983,culex,noise
1984,culls,gland
1985,cully,dealt
1986,culms,sling
1987,culpa,rumor
1988,culti,opera
1989,cults,thigh
1990,culty,tonga
1991,cumec,flare
1992,cundy,wound
1993,cunei,white
1994,cunit,bulky
1995,cunts,etude
1996,cupel,horse
1997,cupid,circa
1998,cuppa,paddy
1999,cuppy,inbox
2000,curat,fizzy
2001,curbs,grain
2002,curch,exert
2003,curds,surge
2004,curdy,gleam
2005,cured,belle
2006,curer,salvo
2007,cures,crush
2008,curet,fruit
2009,curfs,sappy
2010,curia,taker
2011,curie,tract
2012,curli,ovine
2013,curls,spiky
2014,curns,frank
2015,curny,reedy
2016,currs,filth
2017,cursi,spasm
2018,curst,heave
2019,cusec,mambo
2020,cushy,right
2021,cusks,clank
2022,cusps,trust
2023,cuspy,lumen
2024,cusso,borne
2025,cusum,spook
2026,cutch,sauce
2027,cuter,amber
2028,cutes,lathe
2029,cutey,carat
2030,cutin,corer
2031,cutis,dirty
2032,cutto,slyly
2033,cutty,affix
2034,cutup,alloy
2035,cuvee,taint
2036,cuzes,sheep
2037,cwtch,kinky
2038,cyano,wooly
2039,cyans,mauve
2040,cycad,flung
2041,cycas,yacht
2042,cyclo,fried
2043,cyder,quail
2044,cylix,brunt
2045,cymae,grimy
2046,cymar,curvy
2047,cymas,cagey
2048,cymes,rinse
2049,cymol,deuce
2050,cysts,state
2051,cytes,grasp
2052,cyton,milky
2053,czars,bison
2054,daals,graft
2055,dabba,sandy
2056,daces,baste
2057,dacha,flask
2058,dacks,hedge
2059,dadah,girly
2060,dadas,swash
2061,dados,boney
2062,daffs,coupe
2063,daffy,endow
2064,dagga,abhor
2065,daggy,welch
2066,dagos,blade
2067,dahls,tight
2068,daiko,geese
2069,daine,miser
2070,daint,mirth
2071,daker,cloud
2072,daled,cabal
2073,dales,leech
2074,dalis,close
2075,dalle,tenth
2076,dalts,pecan
2077,daman,droit
2078,damar,grail
2079,dames,clone
2080,damme,guise
2081,damns,ralph
2082,damps,tango
2083,dampy,biddy
2084,dancy,smith
2085,dangs,mower
2086,danio,payee
2087,danks,serif
2088,danny,drape
2089,dants,fifth
2090,daraf,spank
2091,darbs,glaze
2092,darcy,allot
2093,dared,truck
2094,darer,kayak
2095,dares,virus
2096,darga,testy
2097,dargs,tepee
2098,daric,fully
2099,daris,zonal
2100,darks,metro
2101,darns,curry
2102,darre,grand
2103,darts,banjo
2104,darzi,axion
2105,dashi,bezel
2106,dashy,occur
2107,datal,chain
2108,dated,nasal
2109,dater,gooey
2110,dates,filer
2111,datos,brace
2112,datto,allay
2113,daube,pubic
2114,daubs,raven
2115,dauby,plead
2116,dauds,gnash
2117,dault,flaky
2118,daurs,munch
2119,dauts,dully
2120,daven,eking
2121,davit,thing
2122,dawah,slink
2123,dawds,hurry
2124,dawed,theft
2125,dawen,shorn
2126,dawks,pygmy
2127,dawns,ranch
2128,dawts,wring
2129,dayan,lemon
2130,daych,shore
2131,daynt,mamma
2132,dazed,froze
2133,dazer,newer
2134,dazes,style
2135,deads,moose
2136,deair,antic
2137,deals,drown
2138,deans,vegan
2139,deare,chess
2140,dearn,guppy
2141,dears,union
2142,deary,lever
2143,deash,lorry
2144,deave,image
2145,deaws,cabby
2146,deawy,druid
2147,debag,exact
2148,debby,truth
2149,debel,dopey
2150,debes,spear
2151,debts,cried
2152,debud,chime
2153,debur,crony
2154,debus,stunk
2155,debye,timid
2156,decad,batch
2157,decaf,gauge
2158,decan,rotor
2159,decko,crack
2160,decks,curve
2161,decos,latte
2162,dedal,witch
2163,deeds,bunch
2164,deedy,repel
2165,deely,anvil
2166,deems,soapy
2167,deens,meter
2168,deeps,broth
2169,deere,madly
2170,deers,dried
2171,deets,scene
2172,deeve,known
2173,deevs,magma
2174,defat,roost
2175,deffo,woman
2176,defis,thong
2177,defog,punch
2178,degas,pasty
2179,degum,downy
2180,degus,knead
2181,deice,whirl
2182,deids,rapid
2183,deify,clang
2184,deils,anger
2185,deism,drive
2186,deist,goofy
2187,deked,email
2188,dekes,music
2189,dekko,stuff
2190,deled,bleep
2191,deles,rider
2192,delfs,mecca
2193,delft,folio
2194,delis,setup
2195,dells,verso
2196,delly,quash
2197,delos,fauna
2198,delph,gummy
2199,delts,happy
2200,deman,newly
2201,demes,fussy
2202,demic,relic
2203,demit,guava
2204,demob,ratty
2205,demoi,fudge
2206,demos,femur
2207,dempt,chirp
2208,denar,forte
2209,denay,alibi
2210,dench,whine
2211,denes,petty
2212,denet,golly
2213,denis,plait
2214,dents,fleck
2215,deoxy,felon
2216,derat,gourd
2217,deray,brown
2218,dered,thrum
2219,deres,ficus
2220,derig,stash
2221,derma,decry
2222,derms,wiser
2223,derns,junta
2224,derny,visor
2225,deros,daunt
2226,derro,scree
2227,derry,impel
2228,derth,await
2229,dervs,press
2230,desex,whose
2231,deshi,turbo
2232,desis,stoop
2233,desks,speak
2234,desse,mangy
2235,devas,eying
2236,devel,inlet
2237,devis,crone
2238,devon,pulse
2239,devos,mossy
2240,devot,staid
2241,dewan,hence
2242,dewar,pinch
2243,dewax,teddy
2244,dewed,sully
2245,dexes,snore
2246,dexie,ripen
2247,dhaba,snowy
2248,dhaks,attic
2249,dhals,going
2250,dhikr,leach
2251,dhobi,mouth
2252,dhole,hound
2253,dholl,clump
2254,dhols,tonal
2255,dhoti,bigot
2256,dhows,peril
2257,dhuti,piece
2258,diact,blame
2259,dials,haute
2260,diane,spied
2261,diazo,undid
2262,dibbs,intro
2263,diced,basal
2264,dicer,shine
2265,dices,gecko
2266,dicht,rodeo
2267,dicks,guard
2268,dicky,steer
2269,dicot,loamy
2270,dicta,scamp
2271,dicts,scram
2272,dicty,manly
2273,diddy,hello
2274,didie,vaunt
2275,didos,organ
2276,didst,feral
2277,diebs,knock
2278,diels,extra
2279,diene,condo
2280,diets,adapt
2281,diffs,willy
2282,dight,polka
2283,dikas,rayon
2284,diked,skirt
2285,diker,faith
2286,dikes,torso
2287,dikey,match
2288,dildo,mercy
2289,dilli,tepid
2290,dills,sleek
2291,dimbo,riser
2292,dimer,twixt
2293,dimes,peace
2294,dimps,flush
2295,dinar,catty
2296,dined,login
2297,dines,eject
2298,dinge,roger
2299,dings,rival
2300,dinic,untie
2301,dinks,refit
2302,dinky,aorta
2303,dinna,adult
2304,dinos,judge
2305,dints,rower
2306,diols,artsy
2307,diota,rural
2308,dippy,shave
2309,dipso,null
2310,diram,null
2311,direr,null
2312,dirke,null
2313,dirks,null
2314,dirls,null
2315,dirts,null
2316,disas,null
2317,disci,null
2318,discs,null
2319,dishy,null
2320,disks,null
2321,disme,null
2322,dital,null
2323,ditas,null
2324,dited,null
2325,dites,null
2326,ditsy,null
2327,ditts,null
2328,ditzy,null
2329,divan,null
2330,divas,null
2331,dived,null
2332,dives,null
2333,divis,null
2334,divna,null
2335,divos,null
2336,divot,null
2337,divvy,null
2338,diwan,null
2339,dixie,null
2340,dixit,null
2341,diyas,null
2342,dizen,null
2343,djinn,null
2344,djins,null
2345,doabs,null
2346,doats,null
2347,dobby,null
2348,dobes,null
2349,dobie,null
2350,dobla,null
2351,dobra,null
2352,dobro,null
2353,docht,null
2354,docks,null
2355,docos,null
2356,docus,null
2357,doddy,null
2358,dodos,null
2359,doeks,null
2360,doers,null
2361,doest,null
2362,doeth,null
2363,doffs,null
2364,dogan,null
2365,doges,null
2366,dogey,null
2367,doggo,null
2368,doggy,null
2369,dogie,null
2370,dohyo,null
2371,doilt,null
2372,doily,null
2373,doits,null
2374,dojos,null
2375,dolce,null
2376,dolci,null
2377,doled,null
2378,doles,null
2379,dolia,null
2380,dolls,null
2381,dolma,null
2382,dolor,null
2383,dolos,null
2384,dolts,null
2385,domal,null
2386,domed,null
2387,domes,null
2388,domic,null
2389,donah,null
2390,donas,null
2391,donee,null
2392,doner,null
2393,donga,null
2394,dongs,null
2395,donko,null
2396,donna,null
2397,donne,null
2398,donny,null
2399,donsy,null
2400,doobs,null
2401,dooce,null
2402,doody,null
2403,dooks,null
2404,doole,null
2405,dools,null
2406,dooly,null
2407,dooms,null
2408,doomy,null
2409,doona,null
2410,doorn,null
2411,doors,null
2412,doozy,null
2413,dopas,null
2414,doped,null
2415,doper,null
2416,dopes,null
2417,dorad,null
2418,dorba,null
2419,dorbs,null
2420,doree,null
2421,dores,null
2422,doric,null
2423,doris,null
2424,dorks,null
2425,dorky,null
2426,dorms,null
2427,dormy,null
2428,dorps,null
2429,dorrs,null
2430,dorsa,null
2431,dorse,null
2432,dorts,null
2433,dorty,null
2434,dosai,null
2435,dosas,null
2436,dosed,null
2437,doseh,null
2438,doser,null
2439,doses,null
2440,dosha,null
2441,dotal,null
2442,doted,null
2443,doter,null
2444,dotes,null
2445,dotty,null
2446,douar,null
2447,douce,null
2448,doucs,null
2449,douks,null
2450,doula,null
2451,douma,null
2452,doums,null
2453,doups,null
2454,doura,null
2455,douse,null
2456,douts,null
2457,doved,null
2458,doven,null
2459,dover,null
2460,doves,null
2461,dovie,null
2462,dowar,null
2463,dowds,null
2464,dowed,null
2465,dower,null
2466,dowie,null
2467,dowle,null
2468,dowls,null
2469,dowly,null
2470,downa,null
2471,downs,null
2472,dowps,null
2473,dowse,null
2474,dowts,null
2475,doxed,null
2476,doxes,null
2477,doxie,null
2478,doyen,null
2479,doyly,null
2480,dozed,null
2481,dozer,null
2482,dozes,null
2483,drabs,null
2484,drack,null
2485,draco,null
2486,draff,null
2487,drags,null
2488,drail,null
2489,drams,null
2490,drant,null
2491,draps,null
2492,drats,null
2493,drave,null
2494,draws,null
2495,drays,null
2496,drear,null
2497,dreck,null
2498,dreed,null
2499,dreer,null
2500,drees,null
2501,dregs,null
2502,dreks,null
2503,drent,null
2504,drere,null
2505,drest,null
2506,dreys,null
2507,dribs,null
2508,drice,null
2509,dries,null
2510,drily,null
2511,drips,null
2512,dript,null
2513,droid,null
2514,droil,null
2515,droke,null
2516,drole,null
2517,drome,null
2518,drony,null
2519,droob,null
2520,droog,null
2521,drook,null
2522,drops,null
2523,dropt,null
2524,drouk,null
2525,drows,null
2526,drubs,null
2527,drugs,null
2528,drums,null
2529,drupe,null
2530,druse,null
2531,drusy,null
2532,druxy,null
2533,dryad,null
2534,dryas,null
2535,dsobo,null
2536,dsomo,null
2537,duads,null
2538,duals,null
2539,duans,null
2540,duars,null
2541,dubbo,null
2542,ducal,null
2543,ducat,null
2544,duces,null
2545,ducks,null
2546,ducky,null
2547,ducts,null
2548,duddy,null
2549,duded,null
2550,dudes,null
2551,duels,null
2552,duets,null
2553,duett,null
2554,duffs,null
2555,dufus,null
2556,duing,null
2557,duits,null
2558,dukas,null
2559,duked,null
2560,dukes,null
2561,dukka,null
2562,dulce,null
2563,dules,null
2564,dulia,null
2565,dulls,null
2566,dulse,null
2567,dumas,null
2568,dumbo,null
2569,dumbs,null
2570,dumka,null
2571,dumky,null
2572,dumps,null
2573,dunam,null
2574,dunch,null
2575,dunes,null
2576,dungs,null
2577,dungy,null
2578,dunks,null
2579,dunno,null
2580,dunny,null
2581,dunsh,null
2582,dunts,null
2583,duomi,null
2584,duomo,null
2585,duped,null
2586,duper,null
2587,dupes,null
2588,duple,null
2589,duply,null
2590,duppy,null
2591,dural,null
2592,duras,null
2593,dured,null
2594,dures,null
2595,durgy,null
2596,durns,null
2597,duroc,null
2598,duros,null
2599,duroy,null
2600,durra,null
2601,durrs,null
2602,durry,null
2603,durst,null
2604,durum,null
2605,durzi,null
2606,dusks,null
2607,dusts,null
2608,duxes,null
2609,dwaal,null
2610,dwale,null
2611,dwalm,null
2612,dwams,null
2613,dwang,null
2614,dwaum,null
2615,dweeb,null
2616,dwile,null
2617,dwine,null
2618,dyads,null
2619,dyers,null
2620,dykon,null
2621,dynel,null
2622,dynes,null
2623,dzhos,null
2624,eagre,null
2625,ealed,null
2626,eales,null
2627,eaned,null
2628,eards,null
2629,eared,null
2630,earls,null
2631,earns,null
2632,earnt,null
2633,earst,null
2634,eased,null
2635,easer,null
2636,eases,null
2637,easle,null
2638,easts,null
2639,eathe,null
2640,eaved,null
2641,eaves,null
2642,ebbed,null
2643,ebbet,null
2644,ebons,null
2645,ebook,null
2646,ecads,null
2647,eched,null
2648,eches,null
2649,echos,null
2650,ecrus,null
2651,edema,null
2652,edged,null
2653,edger,null
2654,edges,null
2655,edile,null
2656,edits,null
2657,educe,null
2658,educt,null
2659,eejit,null
2660,eensy,null
2661,eeven,null
2662,eevns,null
2663,effed,null
2664,egads,null
2665,egers,null
2666,egest,null
2667,eggar,null
2668,egged,null
2669,egger,null
2670,egmas,null
2671,ehing,null
2672,eider,null
2673,eidos,null
2674,eigne,null
2675,eiked,null
2676,eikon,null
2677,eilds,null
2678,eisel,null
2679,ejido,null
2680,ekkas,null
2681,elain,null
2682,eland,null
2683,elans,null
2684,elchi,null
2685,eldin,null
2686,elemi,null
2687,elfed,null
2688,eliad,null
2689,elint,null
2690,elmen,null
2691,eloge,null
2692,elogy,null
2693,eloin,null
2694,elops,null
2695,elpee,null
2696,elsin,null
2697,elute,null
2698,elvan,null
2699,elven,null
2700,elver,null
2701,elves,null
2702,emacs,null
2703,embar,null
2704,embay,null
2705,embog,null
2706,embow,null
2707,embox,null
2708,embus,null
2709,emeer,null
2710,emend,null
2711,emerg,null
2712,emery,null
2713,emeus,null
2714,emics,null
2715,emirs,null
2716,emits,null
2717,emmas,null
2718,emmer,null
2719,emmet,null
2720,emmew,null
2721,emmys,null
2722,emoji,null
2723,emong,null
2724,emote,null
2725,emove,null
2726,empts,null
2727,emule,null
2728,emure,null
2729,emyde,null
2730,emyds,null
2731,enarm,null
2732,enate,null
2733,ended,null
2734,ender,null
2735,endew,null
2736,endue,null
2737,enews,null
2738,enfix,null
2739,eniac,null
2740,enlit,null
2741,enmew,null
2742,ennog,null
2743,enoki,null
2744,enols,null
2745,enorm,null
2746,enows,null
2747,enrol,null
2748,ensew,null
2749,ensky,null
2750,entia,null
2751,enure,null
2752,enurn,null
2753,envoi,null
2754,enzym,null
2755,eorls,null
2756,eosin,null
2757,epact,null
2758,epees,null
2759,ephah,null
2760,ephas,null
2761,ephod,null
2762,ephor,null
2763,epics,null
2764,epode,null
2765,epopt,null
2766,epris,null
2767,eques,null
2768,equid,null
2769,erbia,null
2770,erevs,null
2771,ergon,null
2772,ergos,null
2773,ergot,null
2774,erhus,null
2775,erica,null
2776,erick,null
2777,erics,null
2778,ering,null
2779,erned,null
2780,ernes,null
2781,erose,null
2782,erred,null
2783,erses,null
2784,eruct,null
2785,erugo,null
2786,eruvs,null
2787,erven,null
2788,ervil,null
2789,escar,null
2790,escot,null
2791,esile,null
2792,eskar,null
2793,esker,null
2794,esnes,null
2795,esses,null
2796,estoc,null
2797,estop,null
2798,estro,null
2799,etage,null
2800,etape,null
2801,etats,null
2802,etens,null
2803,ethal,null
2804,ethne,null
2805,ethyl,null
2806,etics,null
2807,etnas,null
2808,ettin,null
2809,ettle,null
2810,etuis,null
2811,etwee,null
2812,etyma,null
2813,eughs,null
2814,euked,null
2815,eupad,null
2816,euros,null
2817,eusol,null
2818,evens,null
2819,evert,null
2820,evets,null
2821,evhoe,null
2822,evils,null
2823,evite,null
2824,evohe,null
2825,ewers,null
2826,ewest,null
2827,ewhow,null
2828,ewked,null
2829,exams,null
2830,exeat,null
2831,execs,null
2832,exeem,null
2833,exeme,null
2834,exfil,null
2835,exies,null
2836,exine,null
2837,exing,null
2838,exits,null
2839,exode,null
2840,exome,null
2841,exons,null
2842,expat,null
2843,expos,null
2844,exude,null
2845,exuls,null
2846,exurb,null
2847,eyass,null
2848,eyers,null
2849,eyots,null
2850,eyras,null
2851,eyres,null
2852,eyrie,null
2853,eyrir,null
2854,ezine,null
2855,fabby,null
2856,faced,null
2857,facer,null
2858,faces,null
2859,facia,null
2860,facta,null
2861,facts,null
2862,faddy,null
2863,faded,null
2864,fader,null
2865,fades,null
2866,fadge,null
2867,fados,null
2868,faena,null
2869,faery,null
2870,faffs,null
2871,faffy,null
2872,fagin,null
2873,faiks,null
2874,fails,null
2875,faine,null
2876,fains,null
2877,fairs,null
2878,faked,null
2879,faker,null
2880,fakes,null
2881,fakey,null
2882,fakie,null
2883,fakir,null
2884,falaj,null
2885,falls,null
2886,famed,null
2887,fames,null
2888,fanal,null
2889,fands,null
2890,fanes,null
2891,fanga,null
2892,fango,null
2893,fangs,null
2894,fanks,null
2895,fanon,null
2896,fanos,null
2897,fanum,null
2898,faqir,null
2899,farad,null
2900,farci,null
2901,farcy,null
2902,fards,null
2903,fared,null
2904,farer,null
2905,fares,null
2906,farle,null
2907,farls,null
2908,farms,null
2909,faros,null
2910,farro,null
2911,farse,null
2912,farts,null
2913,fasci,null
2914,fasti,null
2915,fasts,null
2916,fated,null
2917,fates,null
2918,fatly,null
2919,fatso,null
2920,fatwa,null
2921,faugh,null
2922,fauld,null
2923,fauns,null
2924,faurd,null
2925,fauts,null
2926,fauve,null
2927,favas,null
2928,favel,null
2929,faver,null
2930,faves,null
2931,favus,null
2932,fawns,null
2933,fawny,null
2934,faxed,null
2935,faxes,null
2936,fayed,null
2937,fayer,null
2938,fayne,null
2939,fayre,null
2940,fazed,null
2941,fazes,null
2942,feals,null
2943,feare,null
2944,fears,null
2945,feart,null
2946,fease,null
2947,feats,null
2948,feaze,null
2949,feces,null
2950,fecht,null
2951,fecit,null
2952,fecks,null
2953,fedex,null
2954,feebs,null
2955,feeds,null
2956,feels,null
2957,feens,null
2958,feers,null
2959,feese,null
2960,feeze,null
2961,fehme,null
2962,feint,null
2963,feist,null
2964,felch,null
2965,felid,null
2966,fells,null
2967,felly,null
2968,felts,null
2969,felty,null
2970,femal,null
2971,femes,null
2972,femmy,null
2973,fends,null
2974,fendy,null
2975,fenis,null
2976,fenks,null
2977,fenny,null
2978,fents,null
2979,feods,null
2980,feoff,null
2981,ferer,null
2982,feres,null
2983,feria,null
2984,ferly,null
2985,fermi,null
2986,ferms,null
2987,ferns,null
2988,ferny,null
2989,fesse,null
2990,festa,null
2991,fests,null
2992,festy,null
2993,fetas,null
2994,feted,null
2995,fetes,null
2996,fetor,null
2997,fetta,null
2998,fetts,null
2999,fetwa,null
3000,feuar,null
3001,feuds,null
3002,feued,null
3003,feyed,null
3004,feyer,null
3005,feyly,null
3006,fezes,null
3007,fezzy,null
3008,fiars,null
3009,fiats,null
3010,fibro,null
3011,fices,null
3012,fiche,null
3013,fichu,null
3014,ficin,null
3015,ficos,null
3016,fides,null
3017,fidge,null
3018,fidos,null
3019,fiefs,null
3020,fient,null
3021,fiere,null
3022,fiers,null
3023,fiest,null
3024,fifed,null
3025,fifer,null
3026,fifes,null
3027,fifis,null
3028,figgy,null
3029,figos,null
3030,fiked,null
3031,fikes,null
3032,filar,null
3033,filch,null
3034,filed,null
3035,files,null
3036,filii,null
3037,filks,null
3038,fille,null
3039,fillo,null
3040,fills,null
3041,filmi,null
3042,films,null
3043,filos,null
3044,filum,null
3045,finca,null
3046,finds,null
3047,fined,null
3048,fines,null
3049,finis,null
3050,finks,null
3051,finny,null
3052,finos,null
3053,fiord,null
3054,fiqhs,null
3055,fique,null
3056,fired,null
3057,firer,null
3058,fires,null
3059,firie,null
3060,firks,null
3061,firms,null
3062,firns,null
3063,firry,null
3064,firth,null
3065,fiscs,null
3066,fisks,null
3067,fists,null
3068,fisty,null
3069,fitch,null
3070,fitly,null
3071,fitna,null
3072,fitte,null
3073,fitts,null
3074,fiver,null
3075,fives,null
3076,fixed,null
3077,fixes,null
3078,fixit,null
3079,fjeld,null
3080,flabs,null
3081,flaff,null
3082,flags,null
3083,flaks,null
3084,flamm,null
3085,flams,null
3086,flamy,null
3087,flane,null
3088,flans,null
3089,flaps,null
3090,flary,null
3091,flats,null
3092,flava,null
3093,flawn,null
3094,flaws,null
3095,flawy,null
3096,flaxy,null
3097,flays,null
3098,fleam,null
3099,fleas,null
3100,fleek,null
3101,fleer,null
3102,flees,null
3103,flegs,null
3104,fleme,null
3105,fleur,null
3106,flews,null
3107,flexi,null
3108,flexo,null
3109,fleys,null
3110,flics,null
3111,flied,null
3112,flies,null
3113,flimp,null
3114,flims,null
3115,flips,null
3116,flirs,null
3117,flisk,null
3118,flite,null
3119,flits,null
3120,flitt,null
3121,flobs,null
3122,flocs,null
3123,floes,null
3124,flogs,null
3125,flong,null
3126,flops,null
3127,flors,null
3128,flory,null
3129,flosh,null
3130,flota,null
3131,flote,null
3132,flows,null
3133,flubs,null
3134,flued,null
3135,flues,null
3136,fluey,null
3137,fluky,null
3138,flump,null
3139,fluor,null
3140,flurr,null
3141,fluty,null
3142,fluyt,null
3143,flyby,null
3144,flype,null
3145,flyte,null
3146,foals,null
3147,foams,null
3148,foehn,null
3149,fogey,null
3150,fogie,null
3151,fogle,null
3152,fogou,null
3153,fohns,null
3154,foids,null
3155,foils,null
3156,foins,null
3157,folds,null
3158,foley,null
3159,folia,null
3160,folic,null
3161,folie,null
3162,folks,null
3163,folky,null
3164,fomes,null
3165,fonda,null
3166,fonds,null
3167,fondu,null
3168,fones,null
3169,fonly,null
3170,fonts,null
3171,foods,null
3172,foody,null
3173,fools,null
3174,foots,null
3175,footy,null
3176,foram,null
3177,forbs,null
3178,forby,null
3179,fordo,null
3180,fords,null
3181,forel,null
3182,fores,null
3183,forex,null
3184,forks,null
3185,forky,null
3186,forme,null
3187,forms,null
3188,forts,null
3189,forza,null
3190,forze,null
3191,fossa,null
3192,fosse,null
3193,fouat,null
3194,fouds,null
3195,fouer,null
3196,fouet,null
3197,foule,null
3198,fouls,null
3199,fount,null
3200,fours,null
3201,fouth,null
3202,fovea,null
3203,fowls,null
3204,fowth,null
3205,foxed,null
3206,foxes,null
3207,foxie,null
3208,foyle,null
3209,foyne,null
3210,frabs,null
3211,frack,null
3212,fract,null
3213,frags,null
3214,fraim,null
3215,franc,null
3216,frape,null
3217,fraps,null
3218,frass,null
3219,frate,null
3220,frati,null
3221,frats,null
3222,fraus,null
3223,frays,null
3224,frees,null
3225,freet,null
3226,freit,null
3227,fremd,null
3228,frena,null
3229,freon,null
3230,frere,null
3231,frets,null
3232,fribs,null
3233,frier,null
3234,fries,null
3235,frigs,null
3236,frise,null
3237,frist,null
3238,frith,null
3239,frits,null
3240,fritt,null
3241,frize,null
3242,frizz,null
3243,froes,null
3244,frogs,null
3245,frons,null
3246,frore,null
3247,frorn,null
3248,frory,null
3249,frosh,null
3250,frows,null
3251,frowy,null
3252,frugs,null
3253,frump,null
3254,frush,null
3255,frust,null
3256,fryer,null
3257,fubar,null
3258,fubby,null
3259,fubsy,null
3260,fucks,null
3261,fucus,null
3262,fuddy,null
3263,fudgy,null
3264,fuels,null
3265,fuero,null
3266,fuffs,null
3267,fuffy,null
3268,fugal,null
3269,fuggy,null
3270,fugie,null
3271,fugio,null
3272,fugle,null
3273,fugly,null
3274,fugus,null
3275,fujis,null
3276,fulls,null
3277,fumed,null
3278,fumer,null
3279,fumes,null
3280,fumet,null
3281,fundi,null
3282,funds,null
3283,fundy,null
3284,fungo,null
3285,fungs,null
3286,funks,null
3287,fural,null
3288,furan,null
3289,furca,null
3290,furls,null
3291,furol,null
3292,furrs,null
3293,furth,null
3294,furze,null
3295,furzy,null
3296,fused,null
3297,fusee,null
3298,fusel,null
3299,fuses,null
3300,fusil,null
3301,fusks,null
3302,fusts,null
3303,fusty,null
3304,futon,null
3305,fuzed,null
3306,fuzee,null
3307,fuzes,null
3308,fuzil,null
3309,fyces,null
3310,fyked,null
3311,fykes,null
3312,fyles,null
3313,fyrds,null
3314,fytte,null
3315,gabba,null
3316,gabby,null
3317,gable,null
3318,gaddi,null
3319,gades,null
3320,gadge,null
3321,gadid,null
3322,gadis,null
3323,gadje,null
3324,gadjo,null
3325,gadso,null
3326,gaffs,null
3327,gaged,null
3328,gager,null
3329,gages,null
3330,gaids,null
3331,gains,null
3332,gairs,null
3333,gaita,null
3334,gaits,null
3335,gaitt,null
3336,gajos,null
3337,galah,null
3338,galas,null
3339,galax,null
3340,galea,null
3341,galed,null
3342,gales,null
3343,galls,null
3344,gally,null
3345,galop,null
3346,galut,null
3347,galvo,null
3348,gamas,null
3349,gamay,null
3350,gamba,null
3351,gambe,null
3352,gambo,null
3353,gambs,null
3354,gamed,null
3355,games,null
3356,gamey,null
3357,gamic,null
3358,gamin,null
3359,gamme,null
3360,gammy,null
3361,gamps,null
3362,ganch,null
3363,gandy,null
3364,ganef,null
3365,ganev,null
3366,gangs,null
3367,ganja,null
3368,ganof,null
3369,gants,null
3370,gaols,null
3371,gaped,null
3372,gaper,null
3373,gapes,null
3374,gapos,null
3375,gappy,null
3376,garbe,null
3377,garbo,null
3378,garbs,null
3379,garda,null
3380,gares,null
3381,garis,null
3382,garms,null
3383,garni,null
3384,garre,null
3385,garth,null
3386,garum,null
3387,gases,null
3388,gasps,null
3389,gaspy,null
3390,gasts,null
3391,gatch,null
3392,gated,null
3393,gater,null
3394,gates,null
3395,gaths,null
3396,gator,null
3397,gauch,null
3398,gaucy,null
3399,gauds,null
3400,gauje,null
3401,gault,null
3402,gaums,null
3403,gaumy,null
3404,gaups,null
3405,gaurs,null
3406,gauss,null
3407,gauzy,null
3408,gavot,null
3409,gawcy,null
3410,gawds,null
3411,gawks,null
3412,gawps,null
3413,gawsy,null
3414,gayal,null
3415,gazal,null
3416,gazar,null
3417,gazed,null
3418,gazes,null
3419,gazon,null
3420,gazoo,null
3421,geals,null
3422,geans,null
3423,geare,null
3424,gears,null
3425,geats,null
3426,gebur,null
3427,gecks,null
3428,geeks,null
3429,geeps,null
3430,geest,null
3431,geist,null
3432,geits,null
3433,gelds,null
3434,gelee,null
3435,gelid,null
3436,gelly,null
3437,gelts,null
3438,gemel,null
3439,gemma,null
3440,gemmy,null
3441,gemot,null
3442,genal,null
3443,genas,null
3444,genes,null
3445,genet,null
3446,genic,null
3447,genii,null
3448,genip,null
3449,genny,null
3450,genoa,null
3451,genom,null
3452,genro,null
3453,gents,null
3454,genty,null
3455,genua,null
3456,genus,null
3457,geode,null
3458,geoid,null
3459,gerah,null
3460,gerbe,null
3461,geres,null
3462,gerle,null
3463,germs,null
3464,germy,null
3465,gerne,null
3466,gesse,null
3467,gesso,null
3468,geste,null
3469,gests,null
3470,getas,null
3471,getup,null
3472,geums,null
3473,geyan,null
3474,geyer,null
3475,ghast,null
3476,ghats,null
3477,ghaut,null
3478,ghazi,null
3479,ghees,null
3480,ghest,null
3481,ghyll,null
3482,gibed,null
3483,gibel,null
3484,giber,null
3485,gibes,null
3486,gibli,null
3487,gibus,null
3488,gifts,null
3489,gigas,null
3490,gighe,null
3491,gigot,null
3492,gigue,null
3493,gilas,null
3494,gilds,null
3495,gilet,null
3496,gills,null
3497,gilly,null
3498,gilpy,null
3499,gilts,null
3500,gimel,null
3501,gimme,null
3502,gimps,null
3503,gimpy,null
3504,ginch,null
3505,ginge,null
3506,gings,null
3507,ginks,null
3508,ginny,null
3509,ginzo,null
3510,gipon,null
3511,gippo,null
3512,gippy,null
3513,girds,null
3514,girls,null
3515,girns,null
3516,giron,null
3517,giros,null
3518,girrs,null
3519,girsh,null
3520,girts,null
3521,gismo,null
3522,gisms,null
3523,gists,null
3524,gitch,null
3525,gites,null
3526,giust,null
3527,gived,null
3528,gives,null
3529,gizmo,null
3530,glace,null
3531,glads,null
3532,glady,null
3533,glaik,null
3534,glair,null
3535,glams,null
3536,glans,null
3537,glary,null
3538,glaum,null
3539,glaur,null
3540,glazy,null
3541,gleba,null
3542,glebe,null
3543,gleby,null
3544,glede,null
3545,gleds,null
3546,gleed,null
3547,gleek,null
3548,glees,null
3549,gleet,null
3550,gleis,null
3551,glens,null
3552,glent,null
3553,gleys,null
3554,glial,null
3555,glias,null
3556,glibs,null
3557,gliff,null
3558,glift,null
3559,glike,null
3560,glime,null
3561,glims,null
3562,glisk,null
3563,glits,null
3564,glitz,null
3565,gloam,null
3566,globi,null
3567,globs,null
3568,globy,null
3569,glode,null
3570,glogg,null
3571,gloms,null
3572,gloop,null
3573,glops,null
3574,glost,null
3575,glout,null
3576,glows,null
3577,gloze,null
3578,glued,null
3579,gluer,null
3580,glues,null
3581,gluey,null
3582,glugs,null
3583,glume,null
3584,glums,null
3585,gluon,null
3586,glute,null
3587,gluts,null
3588,gnarl,null
3589,gnarr,null
3590,gnars,null
3591,gnats,null
3592,gnawn,null
3593,gnaws,null
3594,gnows,null
3595,goads,null
3596,goafs,null
3597,goals,null
3598,goary,null
3599,goats,null
3600,goaty,null
3601,goban,null
3602,gobar,null
3603,gobbi,null
3604,gobbo,null
3605,gobby,null
3606,gobis,null
3607,gobos,null
3608,godet,null
3609,godso,null
3610,goels,null
3611,goers,null
3612,goest,null
3613,goeth,null
3614,goety,null
3615,gofer,null
3616,goffs,null
3617,gogga,null
3618,gogos,null
3619,goier,null
3620,gojis,null
3621,golds,null
3622,goldy,null
3623,goles,null
3624,golfs,null
3625,golpe,null
3626,golps,null
3627,gombo,null
3628,gomer,null
3629,gompa,null
3630,gonch,null
3631,gonef,null
3632,gongs,null
3633,gonia,null
3634,gonif,null
3635,gonks,null
3636,gonna,null
3637,gonof,null
3638,gonys,null
3639,gonzo,null
3640,gooby,null
3641,goods,null
3642,goofs,null
3643,googs,null
3644,gooky,null
3645,goold,null
3646,gools,null
3647,gooly,null
3648,goons,null
3649,goony,null
3650,goops,null
3651,goopy,null
3652,goors,null
3653,goory,null
3654,goosy,null
3655,gopak,null
3656,gopik,null
3657,goral,null
3658,goras,null
3659,gored,null
3660,gores,null
3661,goris,null
3662,gorms,null
3663,gormy,null
3664,gorps,null
3665,gorse,null
3666,gorsy,null
3667,gosht,null
3668,gosse,null
3669,gotch,null
3670,goths,null
3671,gothy,null
3672,gotta,null
3673,gouch,null
3674,gouks,null
3675,goura,null
3676,gouts,null
3677,gouty,null
3678,gowan,null
3679,gowds,null
3680,gowfs,null
3681,gowks,null
3682,gowls,null
3683,gowns,null
3684,goxes,null
3685,goyim,null
3686,goyle,null
3687,graal,null
3688,grabs,null
3689,grads,null
3690,graff,null
3691,graip,null
3692,grama,null
3693,grame,null
3694,gramp,null
3695,grams,null
3696,grana,null
3697,grans,null
3698,grapy,null
3699,gravs,null
3700,grays,null
3701,grebe,null
3702,grebo,null
3703,grece,null
3704,greek,null
3705,grees,null
3706,grege,null
3707,grego,null
3708,grein,null
3709,grens,null
3710,grese,null
3711,greve,null
3712,grews,null
3713,greys,null
3714,grice,null
3715,gride,null
3716,grids,null
3717,griff,null
3718,grift,null
3719,grigs,null
3720,grike,null
3721,grins,null
3722,griot,null
3723,grips,null
3724,gript,null
3725,gripy,null
3726,grise,null
3727,grist,null
3728,grisy,null
3729,grith,null
3730,grits,null
3731,grize,null
3732,groat,null
3733,grody,null
3734,grogs,null
3735,groks,null
3736,groma,null
3737,grone,null
3738,groof,null
3739,grosz,null
3740,grots,null
3741,grouf,null
3742,grovy,null
3743,grows,null
3744,grrls,null
3745,grrrl,null
3746,grubs,null
3747,grued,null
3748,grues,null
3749,grufe,null
3750,grume,null
3751,grump,null
3752,grund,null
3753,gryce,null
3754,gryde,null
3755,gryke,null
3756,grype,null
3757,grypt,null
3758,guaco,null
3759,guana,null
3760,guano,null
3761,guans,null
3762,guars,null
3763,gucks,null
3764,gucky,null
3765,gudes,null
3766,guffs,null
3767,gugas,null
3768,guids,null
3769,guimp,null
3770,guiro,null
3771,gulag,null
3772,gular,null
3773,gulas,null
3774,gules,null
3775,gulet,null
3776,gulfs,null
3777,gulfy,null
3778,gulls,null
3779,gulph,null
3780,gulps,null
3781,gulpy,null
3782,gumma,null
3783,gummi,null
3784,gumps,null
3785,gundy,null
3786,gunge,null
3787,gungy,null
3788,gunks,null
3789,gunky,null
3790,gunny,null
3791,guqin,null
3792,gurdy,null
3793,gurge,null
3794,gurls,null
3795,gurly,null
3796,gurns,null
3797,gurry,null
3798,gursh,null
3799,gurus,null
3800,gushy,null
3801,gusla,null
3802,gusle,null
3803,gusli,null
3804,gussy,null
3805,gusts,null
3806,gutsy,null
3807,gutta,null
3808,gutty,null
3809,guyed,null
3810,guyle,null
3811,guyot,null
3812,guyse,null
3813,gwine,null
3814,gyals,null
3815,gyans,null
3816,gybed,null
3817,gybes,null
3818,gyeld,null
3819,gymps,null
3820,gynae,null
3821,gynie,null
3822,gynny,null
3823,gynos,null
3824,gyoza,null
3825,gypos,null
3826,gyppo,null
3827,gyppy,null
3828,gyral,null
3829,gyred,null
3830,gyres,null
3831,gyron,null
3832,gyros,null
3833,gyrus,null
3834,gytes,null
3835,gyved,null
3836,gyves,null
3837,haafs,null
3838,haars,null
3839,hable,null
3840,habus,null
3841,hacek,null
3842,hacks,null
3843,hadal,null
3844,haded,null
3845,hades,null
3846,hadji,null
3847,hadst,null
3848,haems,null
3849,haets,null
3850,haffs,null
3851,hafiz,null
3852,hafts,null
3853,haggs,null
3854,hahas,null
3855,haick,null
3856,haika,null
3857,haiks,null
3858,haiku,null
3859,hails,null
3860,haily,null
3861,hains,null
3862,haint,null
3863,hairs,null
3864,haith,null
3865,hajes,null
3866,hajis,null
3867,hajji,null
3868,hakam,null
3869,hakas,null
3870,hakea,null
3871,hakes,null
3872,hakim,null
3873,hakus,null
3874,halal,null
3875,haled,null
3876,haler,null
3877,hales,null
3878,halfa,null
3879,halfs,null
3880,halid,null
3881,hallo,null
3882,halls,null
3883,halma,null
3884,halms,null
3885,halon,null
3886,halos,null
3887,halse,null
3888,halts,null
3889,halva,null
3890,halwa,null
3891,hamal,null
3892,hamba,null
3893,hamed,null
3894,hames,null
3895,hammy,null
3896,hamza,null
3897,hanap,null
3898,hance,null
3899,hanch,null
3900,hands,null
3901,hangi,null
3902,hangs,null
3903,hanks,null
3904,hanky,null
3905,hansa,null
3906,hanse,null
3907,hants,null
3908,haole,null
3909,haoma,null
3910,hapax,null
3911,haply,null
3912,happi,null
3913,hapus,null
3914,haram,null
3915,hards,null
3916,hared,null
3917,hares,null
3918,harim,null
3919,harks,null
3920,harls,null
3921,harms,null
3922,harns,null
3923,haros,null
3924,harps,null
3925,harts,null
3926,hashy,null
3927,hasks,null
3928,hasps,null
3929,hasta,null
3930,hated,null
3931,hates,null
3932,hatha,null
3933,hauds,null
3934,haufs,null
3935,haugh,null
3936,hauld,null
3937,haulm,null
3938,hauls,null
3939,hault,null
3940,hauns,null
3941,hause,null
3942,haver,null
3943,haves,null
3944,hawed,null
3945,hawks,null
3946,hawms,null
3947,hawse,null
3948,hayed,null
3949,hayer,null
3950,hayey,null
3951,hayle,null
3952,hazan,null
3953,hazed,null
3954,hazer,null
3955,hazes,null
3956,heads,null
3957,heald,null
3958,heals,null
3959,heame,null
3960,heaps,null
3961,heapy,null
3962,heare,null
3963,hears,null
3964,heast,null
3965,heats,null
3966,heben,null
3967,hebes,null
3968,hecht,null
3969,hecks,null
3970,heder,null
3971,hedgy,null
3972,heeds,null
3973,heedy,null
3974,heels,null
3975,heeze,null
3976,hefte,null
3977,hefts,null
3978,heids,null
3979,heigh,null
3980,heils,null
3981,heirs,null
3982,hejab,null
3983,hejra,null
3984,heled,null
3985,heles,null
3986,helio,null
3987,hells,null
3988,helms,null
3989,helos,null
3990,helot,null
3991,helps,null
3992,helve,null
3993,hemal,null
3994,hemes,null
3995,hemic,null
3996,hemin,null
3997,hemps,null
3998,hempy,null
3999,hench,null
4000,hends,null
4001,henge,null
4002,henna,null
4003,henny,null
4004,henry,null
4005,hents,null
4006,hepar,null
4007,herbs,null
4008,herby,null
4009,herds,null
4010,heres,null
4011,herls,null
4012,herma,null
4013,herms,null
4014,herns,null
4015,heros,null
4016,herry,null
4017,herse,null
4018,hertz,null
4019,herye,null
4020,hesps,null
4021,hests,null
4022,hetes,null
4023,heths,null
4024,heuch,null
4025,heugh,null
4026,hevea,null
4027,hewed,null
4028,hewer,null
4029,hewgh,null
4030,hexad,null
4031,hexed,null
4032,hexer,null
4033,hexes,null
4034,hexyl,null
4035,heyed,null
4036,hiant,null
4037,hicks,null
4038,hided,null
4039,hider,null
4040,hides,null
4041,hiems,null
4042,highs,null
4043,hight,null
4044,hijab,null
4045,hijra,null
4046,hiked,null
4047,hiker,null
4048,hikes,null
4049,hikoi,null
4050,hilar,null
4051,hilch,null
4052,hillo,null
4053,hills,null
4054,hilts,null
4055,hilum,null
4056,hilus,null
4057,himbo,null
4058,hinau,null
4059,hinds,null
4060,hings,null
4061,hinky,null
4062,hinny,null
4063,hints,null
4064,hiois,null
4065,hiply,null
4066,hired,null
4067,hiree,null
4068,hirer,null
4069,hires,null
4070,hissy,null
4071,hists,null
4072,hithe,null
4073,hived,null
4074,hiver,null
4075,hives,null
4076,hizen,null
4077,hoaed,null
4078,hoagy,null
4079,hoars,null
4080,hoary,null
4081,hoast,null
4082,hobos,null
4083,hocks,null
4084,hocus,null
4085,hodad,null
4086,hodja,null
4087,hoers,null
4088,hogan,null
4089,hogen,null
4090,hoggs,null
4091,hoghs,null
4092,hohed,null
4093,hoick,null
4094,hoied,null
4095,hoiks,null
4096,hoing,null
4097,hoise,null
4098,hokas,null
4099,hoked,null
4100,hokes,null
4101,hokey,null
4102,hokis,null
4103,hokku,null
4104,hokum,null
4105,holds,null
4106,holed,null
4107,holes,null
4108,holey,null
4109,holks,null
4110,holla,null
4111,hollo,null
4112,holme,null
4113,holms,null
4114,holon,null
4115,holos,null
4116,holts,null
4117,homas,null
4118,homed,null
4119,homes,null
4120,homey,null
4121,homie,null
4122,homme,null
4123,honan,null
4124,honda,null
4125,honds,null
4126,honed,null
4127,honer,null
4128,hones,null
4129,hongi,null
4130,hongs,null
4131,honks,null
4132,honky,null
4133,hooch,null
4134,hoods,null
4135,hoody,null
4136,hooey,null
4137,hoofs,null
4138,hooka,null
4139,hooks,null
4140,hooky,null
4141,hooly,null
4142,hoons,null
4143,hoops,null
4144,hoord,null
4145,hoors,null
4146,hoosh,null
4147,hoots,null
4148,hooty,null
4149,hoove,null
4150,hopak,null
4151,hoped,null
4152,hoper,null
4153,hopes,null
4154,hoppy,null
4155,horah,null
4156,horal,null
4157,horas,null
4158,horis,null
4159,horks,null
4160,horme,null
4161,horns,null
4162,horst,null
4163,horsy,null
4164,hosed,null
4165,hosel,null
4166,hosen,null
4167,hoser,null
4168,hoses,null
4169,hosey,null
4170,hosta,null
4171,hosts,null
4172,hotch,null
4173,hoten,null
4174,hotty,null
4175,houff,null
4176,houfs,null
4177,hough,null
4178,houri,null
4179,hours,null
4180,houts,null
4181,hovea,null
4182,hoved,null
4183,hoven,null
4184,hoves,null
4185,howbe,null
4186,howes,null
4187,howff,null
4188,howfs,null
4189,howks,null
4190,howls,null
4191,howre,null
4192,howso,null
4193,hoxed,null
4194,hoxes,null
4195,hoyas,null
4196,hoyed,null
4197,hoyle,null
4198,hubby,null
4199,hucks,null
4200,hudna,null
4201,hudud,null
4202,huers,null
4203,huffs,null
4204,huffy,null
4205,huger,null
4206,huggy,null
4207,huhus,null
4208,huias,null
4209,hulas,null
4210,hules,null
4211,hulks,null
4212,hulky,null
4213,hullo,null
4214,hulls,null
4215,hully,null
4216,humas,null
4217,humfs,null
4218,humic,null
4219,humps,null
4220,humpy,null
4221,hunks,null
4222,hunts,null
4223,hurds,null
4224,hurls,null
4225,hurly,null
4226,hurra,null
4227,hurst,null
4228,hurts,null
4229,hushy,null
4230,husks,null
4231,husos,null
4232,hutia,null
4233,huzza,null
4234,huzzy,null
4235,hwyls,null
4236,hydra,null
4237,hyens,null
4238,hygge,null
4239,hying,null
4240,hykes,null
4241,hylas,null
4242,hyleg,null
4243,hyles,null
4244,hylic,null
4245,hymns,null
4246,hynde,null
4247,hyoid,null
4248,hyped,null
4249,hypes,null
4250,hypha,null
4251,hyphy,null
4252,hypos,null
4253,hyrax,null
4254,hyson,null
4255,hythe,null
4256,iambi,null
4257,iambs,null
4258,ibrik,null
4259,icers,null
4260,iched,null
4261,iches,null
4262,ichor,null
4263,icier,null
4264,icker,null
4265,ickle,null
4266,icons,null
4267,ictal,null
4268,ictic,null
4269,ictus,null
4270,idant,null
4271,ideas,null
4272,idees,null
4273,ident,null
4274,idled,null
4275,idles,null
4276,idola,null
4277,idols,null
4278,idyls,null
4279,iftar,null
4280,igapo,null
4281,igged,null
4282,iglus,null
4283,ihram,null
4284,ikans,null
4285,ikats,null
4286,ikons,null
4287,ileac,null
4288,ileal,null
4289,ileum,null
4290,ileus,null
4291,iliad,null
4292,ilial,null
4293,ilium,null
4294,iller,null
4295,illth,null
4296,imago,null
4297,imams,null
4298,imari,null
4299,imaum,null
4300,imbar,null
4301,imbed,null
4302,imide,null
4303,imido,null
4304,imids,null
4305,imine,null
4306,imino,null
4307,immew,null
4308,immit,null
4309,immix,null
4310,imped,null
4311,impis,null
4312,impot,null
4313,impro,null
4314,imshi,null
4315,imshy,null
4316,inapt,null
4317,inarm,null
4318,inbye,null
4319,incel,null
4320,incle,null
4321,incog,null
4322,incus,null
4323,incut,null
4324,indew,null
4325,india,null
4326,indie,null
4327,indol,null
4328,indow,null
4329,indri,null
4330,indue,null
4331,inerm,null
4332,infix,null
4333,infos,null
4334,infra,null
4335,ingan,null
4336,ingle,null
4337,inion,null
4338,inked,null
4339,inker,null
4340,inkle,null
4341,inned,null
4342,innit,null
4343,inorb,null
4344,inrun,null
4345,inset,null
4346,inspo,null
4347,intel,null
4348,intil,null
4349,intis,null
4350,intra,null
4351,inula,null
4352,inure,null
4353,inurn,null
4354,inust,null
4355,invar,null
4356,inwit,null
4357,iodic,null
4358,iodid,null
4359,iodin,null
4360,iotas,null
4361,ippon,null
4362,irade,null
4363,irids,null
4364,iring,null
4365,irked,null
4366,iroko,null
4367,irone,null
4368,irons,null
4369,isbas,null
4370,ishes,null
4371,isled,null
4372,isles,null
4373,isnae,null
4374,issei,null
4375,istle,null
4376,items,null
4377,ither,null
4378,ivied,null
4379,ivies,null
4380,ixias,null
4381,ixnay,null
4382,ixora,null
4383,ixtle,null
4384,izard,null
4385,izars,null
4386,izzat,null
4387,jaaps,null
4388,jabot,null
4389,jacal,null
4390,jacks,null
4391,jacky,null
4392,jaded,null
4393,jades,null
4394,jafas,null
4395,jaffa,null
4396,jagas,null
4397,jager,null
4398,jaggs,null
4399,jaggy,null
4400,jagir,null
4401,jagra,null
4402,jails,null
4403,jaker,null
4404,jakes,null
4405,jakey,null
4406,jalap,null
4407,jalop,null
4408,jambe,null
4409,jambo,null
4410,jambs,null
4411,jambu,null
4412,james,null
4413,jammy,null
4414,jamon,null
4415,janes,null
4416,janns,null
4417,janny,null
4418,janty,null
4419,japan,null
4420,japed,null
4421,japer,null
4422,japes,null
4423,jarks,null
4424,jarls,null
4425,jarps,null
4426,jarta,null
4427,jarul,null
4428,jasey,null
4429,jaspe,null
4430,jasps,null
4431,jatos,null
4432,jauks,null
4433,jaups,null
4434,javas,null
4435,javel,null
4436,jawan,null
4437,jawed,null
4438,jaxie,null
4439,jeans,null
4440,jeats,null
4441,jebel,null
4442,jedis,null
4443,jeels,null
4444,jeely,null
4445,jeeps,null
4446,jeers,null
4447,jeeze,null
4448,jefes,null
4449,jeffs,null
4450,jehad,null
4451,jehus,null
4452,jelab,null
4453,jello,null
4454,jells,null
4455,jembe,null
4456,jemmy,null
4457,jenny,null
4458,jeons,null
4459,jerid,null
4460,jerks,null
4461,jerry,null
4462,jesse,null
4463,jests,null
4464,jesus,null
4465,jetes,null
4466,jeton,null
4467,jeune,null
4468,jewed,null
4469,jewie,null
4470,jhala,null
4471,jiaos,null
4472,jibba,null
4473,jibbs,null
4474,jibed,null
4475,jiber,null
4476,jibes,null
4477,jiffs,null
4478,jiggy,null
4479,jigot,null
4480,jihad,null
4481,jills,null
4482,jilts,null
4483,jimmy,null
4484,jimpy,null
4485,jingo,null
4486,jinks,null
4487,jinne,null
4488,jinni,null
4489,jinns,null
4490,jirds,null
4491,jirga,null
4492,jirre,null
4493,jisms,null
4494,jived,null
4495,jiver,null
4496,jives,null
4497,jivey,null
4498,jnana,null
4499,jobed,null
4500,jobes,null
4501,jocko,null
4502,jocks,null
4503,jocky,null
4504,jocos,null
4505,jodel,null
4506,joeys,null
4507,johns,null
4508,joins,null
4509,joked,null
4510,jokes,null
4511,jokey,null
4512,jokol,null
4513,joled,null
4514,joles,null
4515,jolls,null
4516,jolts,null
4517,jolty,null
4518,jomon,null
4519,jomos,null
4520,jones,null
4521,jongs,null
4522,jonty,null
4523,jooks,null
4524,joram,null
4525,jorum,null
4526,jotas,null
4527,jotty,null
4528,jotun,null
4529,joual,null
4530,jougs,null
4531,jouks,null
4532,joule,null
4533,jours,null
4534,jowar,null
4535,jowed,null
4536,jowls,null
4537,jowly,null
4538,joyed,null
4539,jubas,null
4540,jubes,null
4541,jucos,null
4542,judas,null
4543,judgy,null
4544,judos,null
4545,jugal,null
4546,jugum,null
4547,jujus,null
4548,juked,null
4549,jukes,null
4550,jukus,null
4551,julep,null
4552,jumar,null
4553,jumby,null
4554,jumps,null
4555,junco,null
4556,junks,null
4557,junky,null
4558,jupes,null
4559,jupon,null
4560,jural,null
4561,jurat,null
4562,jurel,null
4563,jures,null
4564,justs,null
4565,jutes,null
4566,jutty,null
4567,juves,null
4568,juvie,null
4569,kaama,null
4570,kabab,null
4571,kabar,null
4572,kabob,null
4573,kacha,null
4574,kacks,null
4575,kadai,null
4576,kades,null
4577,kadis,null
4578,kafir,null
4579,kagos,null
4580,kagus,null
4581,kahal,null
4582,kaiak,null
4583,kaids,null
4584,kaies,null
4585,kaifs,null
4586,kaika,null
4587,kaiks,null
4588,kails,null
4589,kaims,null
4590,kaing,null
4591,kains,null
4592,kakas,null
4593,kakis,null
4594,kalam,null
4595,kales,null
4596,kalif,null
4597,kalis,null
4598,kalpa,null
4599,kamas,null
4600,kames,null
4601,kamik,null
4602,kamis,null
4603,kamme,null
4604,kanae,null
4605,kanas,null
4606,kandy,null
4607,kaneh,null
4608,kanes,null
4609,kanga,null
4610,kangs,null
4611,kanji,null
4612,kants,null
4613,kanzu,null
4614,kaons,null
4615,kapas,null
4616,kaphs,null
4617,kapok,null
4618,kapow,null
4619,kapus,null
4620,kaput,null
4621,karas,null
4622,karat,null
4623,karks,null
4624,karns,null
4625,karoo,null
4626,karos,null
4627,karri,null
4628,karst,null
4629,karsy,null
4630,karts,null
4631,karzy,null
4632,kasha,null
4633,kasme,null
4634,katal,null
4635,katas,null
4636,katis,null
4637,katti,null
4638,kaugh,null
4639,kauri,null
4640,kauru,null
4641,kaury,null
4642,kaval,null
4643,kavas,null
4644,kawas,null
4645,kawau,null
4646,kawed,null
4647,kayle,null
4648,kayos,null
4649,kazis,null
4650,kazoo,null
4651,kbars,null
4652,kebar,null
4653,kebob,null
4654,kecks,null
4655,kedge,null
4656,kedgy,null
4657,keech,null
4658,keefs,null
4659,keeks,null
4660,keels,null
4661,keema,null
4662,keeno,null
4663,keens,null
4664,keeps,null
4665,keets,null
4666,keeve,null
4667,kefir,null
4668,kehua,null
4669,keirs,null
4670,kelep,null
4671,kelim,null
4672,kells,null
4673,kelly,null
4674,kelps,null
4675,kelpy,null
4676,kelts,null
4677,kelty,null
4678,kembo,null
4679,kembs,null
4680,kemps,null
4681,kempt,null
4682,kempy,null
4683,kenaf,null
4684,kench,null
4685,kendo,null
4686,kenos,null
4687,kente,null
4688,kents,null
4689,kepis,null
4690,kerbs,null
4691,kerel,null
4692,kerfs,null
4693,kerky,null
4694,kerma,null
4695,kerne,null
4696,kerns,null
4697,keros,null
4698,kerry,null
4699,kerve,null
4700,kesar,null
4701,kests,null
4702,ketas,null
4703,ketch,null
4704,ketes,null
4705,ketol,null
4706,kevel,null
4707,kevil,null
4708,kexes,null
4709,keyed,null
4710,keyer,null
4711,khadi,null
4712,khafs,null
4713,khans,null
4714,khaph,null
4715,khats,null
4716,khaya,null
4717,khazi,null
4718,kheda,null
4719,kheth,null
4720,khets,null
4721,khoja,null
4722,khors,null
4723,khoum,null
4724,khuds,null
4725,kiaat,null
4726,kiack,null
4727,kiang,null
4728,kibbe,null
4729,kibbi,null
4730,kibei,null
4731,kibes,null
4732,kibla,null
4733,kicks,null
4734,kicky,null
4735,kiddo,null
4736,kiddy,null
4737,kidel,null
4738,kidge,null
4739,kiefs,null
4740,kiers,null
4741,kieve,null
4742,kievs,null
4743,kight,null
4744,kikoi,null
4745,kiley,null
4746,kilim,null
4747,kills,null
4748,kilns,null
4749,kilos,null
4750,kilps,null
4751,kilts,null
4752,kilty,null
4753,kimbo,null
4754,kinas,null
4755,kinda,null
4756,kinds,null
4757,kindy,null
4758,kines,null
4759,kings,null
4760,kinin,null
4761,kinks,null
4762,kinos,null
4763,kiore,null
4764,kipes,null
4765,kippa,null
4766,kipps,null
4767,kirby,null
4768,kirks,null
4769,kirns,null
4770,kirri,null
4771,kisan,null
4772,kissy,null
4773,kists,null
4774,kited,null
4775,kiter,null
4776,kites,null
4777,kithe,null
4778,kiths,null
4779,kitul,null
4780,kivas,null
4781,kiwis,null
4782,klang,null
4783,klaps,null
4784,klett,null
4785,klick,null
4786,klieg,null
4787,kliks,null
4788,klong,null
4789,kloof,null
4790,kluge,null
4791,klutz,null
4792,knags,null
4793,knaps,null
4794,knarl,null
4795,knars,null
4796,knaur,null
4797,knawe,null
4798,knees,null
4799,knell,null
4800,knish,null
4801,knits,null
4802,knive,null
4803,knobs,null
4804,knops,null
4805,knosp,null
4806,knots,null
4807,knout,null
4808,knowe,null
4809,knows,null
4810,knubs,null
4811,knurl,null
4812,knurr,null
4813,knurs,null
4814,knuts,null
4815,koans,null
4816,koaps,null
4817,koban,null
4818,kobos,null
4819,koels,null
4820,koffs,null
4821,kofta,null
4822,kogal,null
4823,kohas,null
4824,kohen,null
4825,kohls,null
4826,koine,null
4827,kojis,null
4828,kokam,null
4829,kokas,null
4830,koker,null
4831,kokra,null
4832,kokum,null
4833,kolas,null
4834,kolos,null
4835,kombu,null
4836,konbu,null
4837,kondo,null
4838,konks,null
4839,kooks,null
4840,kooky,null
4841,koori,null
4842,kopek,null
4843,kophs,null
4844,kopje,null
4845,koppa,null
4846,korai,null
4847,koras,null
4848,korat,null
4849,kores,null
4850,korma,null
4851,koros,null
4852,korun,null
4853,korus,null
4854,koses,null
4855,kotch,null
4856,kotos,null
4857,kotow,null
4858,koura,null
4859,kraal,null
4860,krabs,null
4861,kraft,null
4862,krais,null
4863,krait,null
4864,krang,null
4865,krans,null
4866,kranz,null
4867,kraut,null
4868,krays,null
4869,kreep,null
4870,kreng,null
4871,krewe,null
4872,krona,null
4873,krone,null
4874,kroon,null
4875,krubi,null
4876,krunk,null
4877,ksars,null
4878,kubie,null
4879,kudos,null
4880,kudus,null
4881,kudzu,null
4882,kufis,null
4883,kugel,null
4884,kuias,null
4885,kukri,null
4886,kukus,null
4887,kulak,null
4888,kulan,null
4889,kulas,null
4890,kulfi,null
4891,kumis,null
4892,kumys,null
4893,kuris,null
4894,kurre,null
4895,kurta,null
4896,kurus,null
4897,kusso,null
4898,kutas,null
4899,kutch,null
4900,kutis,null
4901,kutus,null
4902,kuzus,null
4903,kvass,null
4904,kvell,null
4905,kwela,null
4906,kyack,null
4907,kyaks,null
4908,kyang,null
4909,kyars,null
4910,kyats,null
4911,kybos,null
4912,kydst,null
4913,kyles,null
4914,kylie,null
4915,kylin,null
4916,kylix,null
4917,kyloe,null
4918,kynde,null
4919,kynds,null
4920,kypes,null
4921,kyrie,null
4922,kytes,null
4923,kythe,null
4924,laari,null
4925,labda,null
4926,labia,null
4927,labis,null
4928,labra,null
4929,laced,null
4930,lacer,null
4931,laces,null
4932,lacet,null
4933,lacey,null
4934,lacks,null
4935,laddy,null
4936,laded,null
4937,lader,null
4938,lades,null
4939,laers,null
4940,laevo,null
4941,lagan,null
4942,lahal,null
4943,lahar,null
4944,laich,null
4945,laics,null
4946,laids,null
4947,laigh,null
4948,laika,null
4949,laiks,null
4950,laird,null
4951,lairs,null
4952,lairy,null
4953,laith,null
4954,laity,null
4955,laked,null
4956,laker,null
4957,lakes,null
4958,lakhs,null
4959,lakin,null
4960,laksa,null
4961,laldy,null
4962,lalls,null
4963,lamas,null
4964,lambs,null
4965,lamby,null
4966,lamed,null
4967,lamer,null
4968,lames,null
4969,lamia,null
4970,lammy,null
4971,lamps,null
4972,lanai,null
4973,lanas,null
4974,lanch,null
4975,lande,null
4976,lands,null
4977,lanes,null
4978,lanks,null
4979,lants,null
4980,lapin,null
4981,lapis,null
4982,lapje,null
4983,larch,null
4984,lards,null
4985,lardy,null
4986,laree,null
4987,lares,null
4988,largo,null
4989,laris,null
4990,larks,null
4991,larky,null
4992,larns,null
4993,larnt,null
4994,larum,null
4995,lased,null
4996,laser,null
4997,lases,null
4998,lassi,null
4999,lassu,null
5000,lassy,null
5001,lasts,null
5002,latah,null
5003,lated,null
5004,laten,null
5005,latex,null
5006,lathi,null
5007,laths,null
5008,lathy,null
5009,latke,null
5010,latus,null
5011,lauan,null
5012,lauch,null
5013,lauds,null
5014,laufs,null
5015,laund,null
5016,laura,null
5017,laval,null
5018,lavas,null
5019,laved,null
5020,laver,null
5021,laves,null
5022,lavra,null
5023,lavvy,null
5024,lawed,null
5025,lawer,null
5026,lawin,null
5027,lawks,null
5028,lawns,null
5029,lawny,null
5030,laxed,null
5031,laxer,null
5032,laxes,null
5033,laxly,null
5034,layed,null
5035,layin,null
5036,layup,null
5037,lazar,null
5038,lazed,null
5039,lazes,null
5040,lazos,null
5041,lazzi,null
5042,lazzo,null
5043,leads,null
5044,leady,null
5045,leafs,null
5046,leaks,null
5047,leams,null
5048,leans,null
5049,leany,null
5050,leaps,null
5051,leare,null
5052,lears,null
5053,leary,null
5054,leats,null
5055,leavy,null
5056,leaze,null
5057,leben,null
5058,leccy,null
5059,ledes,null
5060,ledgy,null
5061,ledum,null
5062,leear,null
5063,leeks,null
5064,leeps,null
5065,leers,null
5066,leese,null
5067,leets,null
5068,leeze,null
5069,lefte,null
5070,lefts,null
5071,leger,null
5072,leges,null
5073,legge,null
5074,leggo,null
5075,legit,null
5076,lehrs,null
5077,lehua,null
5078,leirs,null
5079,leish,null
5080,leman,null
5081,lemed,null
5082,lemel,null
5083,lemes,null
5084,lemma,null
5085,lemme,null
5086,lends,null
5087,lenes,null
5088,lengs,null
5089,lenis,null
5090,lenos,null
5091,lense,null
5092,lenti,null
5093,lento,null
5094,leone,null
5095,lepid,null
5096,lepra,null
5097,lepta,null
5098,lered,null
5099,leres,null
5100,lerps,null
5101,leses,null
5102,lests,null
5103,letch,null
5104,lethe,null
5105,letup,null
5106,leuch,null
5107,leuco,null
5108,leuds,null
5109,leugh,null
5110,levas,null
5111,levee,null
5112,leves,null
5113,levin,null
5114,levis,null
5115,lewis,null
5116,lexes,null
5117,lexis,null
5118,lezes,null
5119,lezza,null
5120,lezzy,null
5121,liana,null
5122,liane,null
5123,liang,null
5124,liard,null
5125,liars,null
5126,liart,null
5127,liber,null
5128,libra,null
5129,libri,null
5130,lichi,null
5131,licht,null
5132,licit,null
5133,licks,null
5134,lidar,null
5135,lidos,null
5136,liefs,null
5137,liens,null
5138,liers,null
5139,lieus,null
5140,lieve,null
5141,lifer,null
5142,lifes,null
5143,lifts,null
5144,ligan,null
5145,liger,null
5146,ligge,null
5147,ligne,null
5148,liked,null
5149,liker,null
5150,likes,null
5151,likin,null
5152,lills,null
5153,lilos,null
5154,lilts,null
5155,liman,null
5156,limas,null
5157,limax,null
5158,limba,null
5159,limbi,null
5160,limbs,null
5161,limby,null
5162,limed,null
5163,limen,null
5164,limes,null
5165,limey,null
5166,limma,null
5167,limns,null
5168,limos,null
5169,limpa,null
5170,limps,null
5171,linac,null
5172,linch,null
5173,linds,null
5174,lindy,null
5175,lined,null
5176,lines,null
5177,liney,null
5178,linga,null
5179,lings,null
5180,lingy,null
5181,linin,null
5182,links,null
5183,linky,null
5184,linns,null
5185,linny,null
5186,linos,null
5187,lints,null
5188,linty,null
5189,linum,null
5190,linux,null
5191,lions,null
5192,lipas,null
5193,lipes,null
5194,lipin,null
5195,lipos,null
5196,lippy,null
5197,liras,null
5198,lirks,null
5199,lirot,null
5200,lisks,null
5201,lisle,null
5202,lisps,null
5203,lists,null
5204,litai,null
5205,litas,null
5206,lited,null
5207,liter,null
5208,lites,null
5209,litho,null
5210,liths,null
5211,litre,null
5212,lived,null
5213,liven,null
5214,lives,null
5215,livor,null
5216,livre,null
5217,llano,null
5218,loach,null
5219,loads,null
5220,loafs,null
5221,loams,null
5222,loans,null
5223,loast,null
5224,loave,null
5225,lobar,null
5226,lobed,null
5227,lobes,null
5228,lobos,null
5229,lobus,null
5230,loche,null
5231,lochs,null
5232,locie,null
5233,locis,null
5234,locks,null
5235,locos,null
5236,locum,null
5237,loden,null
5238,lodes,null
5239,loess,null
5240,lofts,null
5241,logan,null
5242,loges,null
5243,loggy,null
5244,logia,null
5245,logie,null
5246,logoi,null
5247,logon,null
5248,logos,null
5249,lohan,null
5250,loids,null
5251,loins,null
5252,loipe,null
5253,loirs,null
5254,lokes,null
5255,lolls,null
5256,lolly,null
5257,lolog,null
5258,lomas,null
5259,lomed,null
5260,lomes,null
5261,loner,null
5262,longa,null
5263,longe,null
5264,longs,null
5265,looby,null
5266,looed,null
5267,looey,null
5268,loofa,null
5269,loofs,null
5270,looie,null
5271,looks,null
5272,looky,null
5273,looms,null
5274,loons,null
5275,loony,null
5276,loops,null
5277,loord,null
5278,loots,null
5279,loped,null
5280,loper,null
5281,lopes,null
5282,loppy,null
5283,loral,null
5284,loran,null
5285,lords,null
5286,lordy,null
5287,lorel,null
5288,lores,null
5289,loric,null
5290,loris,null
5291,losed,null
5292,losel,null
5293,losen,null
5294,loses,null
5295,lossy,null
5296,lotah,null
5297,lotas,null
5298,lotes,null
5299,lotic,null
5300,lotos,null
5301,lotsa,null
5302,lotta,null
5303,lotte,null
5304,lotto,null
5305,lotus,null
5306,loued,null
5307,lough,null
5308,louie,null
5309,louis,null
5310,louma,null
5311,lound,null
5312,louns,null
5313,loupe,null
5314,loups,null
5315,loure,null
5316,lours,null
5317,loury,null
5318,louts,null
5319,lovat,null
5320,loved,null
5321,loves,null
5322,lovey,null
5323,lovie,null
5324,lowan,null
5325,lowed,null
5326,lowes,null
5327,lownd,null
5328,lowne,null
5329,lowns,null
5330,lowps,null
5331,lowry,null
5332,lowse,null
5333,lowts,null
5334,loxed,null
5335,loxes,null
5336,lozen,null
5337,luach,null
5338,luaus,null
5339,lubed,null
5340,lubes,null
5341,lubra,null
5342,luces,null
5343,lucks,null
5344,lucre,null
5345,ludes,null
5346,ludic,null
5347,ludos,null
5348,luffa,null
5349,luffs,null
5350,luged,null
5351,luger,null
5352,luges,null
5353,lulls,null
5354,lulus,null
5355,lumas,null
5356,lumbi,null
5357,lumme,null
5358,lummy,null
5359,lumps,null
5360,lunas,null
5361,lunes,null
5362,lunet,null
5363,lungi,null
5364,lungs,null
5365,lunks,null
5366,lunts,null
5367,lupin,null
5368,lured,null
5369,lurer,null
5370,lures,null
5371,lurex,null
5372,lurgi,null
5373,lurgy,null
5374,lurks,null
5375,lurry,null
5376,lurve,null
5377,luser,null
5378,lushy,null
5379,lusks,null
5380,lusts,null
5381,lusus,null
5382,lutea,null
5383,luted,null
5384,luter,null
5385,lutes,null
5386,luvvy,null
5387,luxed,null
5388,luxer,null
5389,luxes,null
5390,lweis,null
5391,lyams,null
5392,lyard,null
5393,lyart,null
5394,lyase,null
5395,lycea,null
5396,lycee,null
5397,lycra,null
5398,lymes,null
5399,lynes,null
5400,lyres,null
5401,lysed,null
5402,lyses,null
5403,lysin,null
5404,lysis,null
5405,lysol,null
5406,lyssa,null
5407,lyted,null
5408,lytes,null
5409,lythe,null
5410,lytic,null
5411,lytta,null
5412,maaed,null
5413,maare,null
5414,maars,null
5415,mabes,null
5416,macas,null
5417,maced,null
5418,macer,null
5419,maces,null
5420,mache,null
5421,machi,null
5422,machs,null
5423,macks,null
5424,macle,null
5425,macon,null
5426,madge,null
5427,madid,null
5428,madre,null
5429,maerl,null
5430,mafic,null
5431,mages,null
5432,maggs,null
5433,magot,null
5434,magus,null
5435,mahoe,null
5436,mahua,null
5437,mahwa,null
5438,maids,null
5439,maiko,null
5440,maiks,null
5441,maile,null
5442,maill,null
5443,mails,null
5444,maims,null
5445,mains,null
5446,maire,null
5447,mairs,null
5448,maise,null
5449,maist,null
5450,makar,null
5451,makes,null
5452,makis,null
5453,makos,null
5454,malam,null
5455,malar,null
5456,malas,null
5457,malax,null
5458,males,null
5459,malic,null
5460,malik,null
5461,malis,null
5462,malls,null
5463,malms,null
5464,malmy,null
5465,malts,null
5466,malty,null
5467,malus,null
5468,malva,null
5469,malwa,null
5470,mamas,null
5471,mamba,null
5472,mamee,null
5473,mamey,null
5474,mamie,null
5475,manas,null
5476,manat,null
5477,mandi,null
5478,maneb,null
5479,maned,null
5480,maneh,null
5481,manes,null
5482,manet,null
5483,mangs,null
5484,manis,null
5485,manky,null
5486,manna,null
5487,manos,null
5488,manse,null
5489,manta,null
5490,manto,null
5491,manty,null
5492,manul,null
5493,manus,null
5494,mapau,null
5495,maqui,null
5496,marae,null
5497,marah,null
5498,maras,null
5499,marcs,null
5500,mardy,null
5501,mares,null
5502,marge,null
5503,margs,null
5504,maria,null
5505,marid,null
5506,marka,null
5507,marks,null
5508,marle,null
5509,marls,null
5510,marly,null
5511,marms,null
5512,maron,null
5513,maror,null
5514,marra,null
5515,marri,null
5516,marse,null
5517,marts,null
5518,marvy,null
5519,masas,null
5520,mased,null
5521,maser,null
5522,mases,null
5523,mashy,null
5524,masks,null
5525,massa,null
5526,massy,null
5527,masts,null
5528,masty,null
5529,masus,null
5530,matai,null
5531,mated,null
5532,mater,null
5533,mates,null
5534,maths,null
5535,matin,null
5536,matlo,null
5537,matte,null
5538,matts,null
5539,matza,null
5540,matzo,null
5541,mauby,null
5542,mauds,null
5543,mauls,null
5544,maund,null
5545,mauri,null
5546,mausy,null
5547,mauts,null
5548,mauzy,null
5549,maven,null
5550,mavie,null
5551,mavin,null
5552,mavis,null
5553,mawed,null
5554,mawks,null
5555,mawky,null
5556,mawns,null
5557,mawrs,null
5558,maxed,null
5559,maxes,null
5560,maxis,null
5561,mayan,null
5562,mayas,null
5563,mayed,null
5564,mayos,null
5565,mayst,null
5566,mazed,null
5567,mazer,null
5568,mazes,null
5569,mazey,null
5570,mazut,null
5571,mbira,null
5572,meads,null
5573,meals,null
5574,meane,null
5575,means,null
5576,meany,null
5577,meare,null
5578,mease,null
5579,meath,null
5580,meats,null
5581,mebos,null
5582,mechs,null
5583,mecks,null
5584,medii,null
5585,medle,null
5586,meeds,null
5587,meers,null
5588,meets,null
5589,meffs,null
5590,meins,null
5591,meint,null
5592,meiny,null
5593,meith,null
5594,mekka,null
5595,melas,null
5596,melba,null
5597,melds,null
5598,melic,null
5599,melik,null
5600,mells,null
5601,melts,null
5602,melty,null
5603,memes,null
5604,memos,null
5605,menad,null
5606,mends,null
5607,mened,null
5608,menes,null
5609,menge,null
5610,mengs,null
5611,mensa,null
5612,mense,null
5613,mensh,null
5614,menta,null
5615,mento,null
5616,menus,null
5617,meous,null
5618,meows,null
5619,merch,null
5620,mercs,null
5621,merde,null
5622,mered,null
5623,merel,null
5624,merer,null
5625,meres,null
5626,meril,null
5627,meris,null
5628,merks,null
5629,merle,null
5630,merls,null
5631,merse,null
5632,mesal,null
5633,mesas,null
5634,mesel,null
5635,meses,null
5636,meshy,null
5637,mesic,null
5638,mesne,null
5639,meson,null
5640,messy,null
5641,mesto,null
5642,meted,null
5643,metes,null
5644,metho,null
5645,meths,null
5646,metic,null
5647,metif,null
5648,metis,null
5649,metol,null
5650,metre,null
5651,meuse,null
5652,meved,null
5653,meves,null
5654,mewed,null
5655,mewls,null
5656,meynt,null
5657,mezes,null
5658,mezze,null
5659,mezzo,null
5660,mhorr,null
5661,miaou,null
5662,miaow,null
5663,miasm,null
5664,miaul,null
5665,micas,null
5666,miche,null
5667,micht,null
5668,micks,null
5669,micky,null
5670,micos,null
5671,micra,null
5672,middy,null
5673,midgy,null
5674,midis,null
5675,miens,null
5676,mieve,null
5677,miffs,null
5678,miffy,null
5679,mifty,null
5680,miggs,null
5681,mihas,null
5682,mihis,null
5683,miked,null
5684,mikes,null
5685,mikra,null
5686,mikva,null
5687,milch,null
5688,milds,null
5689,miler,null
5690,miles,null
5691,milfs,null
5692,milia,null
5693,milko,null
5694,milks,null
5695,mille,null
5696,mills,null
5697,milor,null
5698,milos,null
5699,milpa,null
5700,milts,null
5701,milty,null
5702,miltz,null
5703,mimed,null
5704,mimeo,null
5705,mimer,null
5706,mimes,null
5707,mimsy,null
5708,minae,null
5709,minar,null
5710,minas,null
5711,mincy,null
5712,minds,null
5713,mined,null
5714,mines,null
5715,minge,null
5716,mings,null
5717,mingy,null
5718,minis,null
5719,minke,null
5720,minks,null
5721,minny,null
5722,minos,null
5723,mints,null
5724,mired,null
5725,mires,null
5726,mirex,null
5727,mirid,null
5728,mirin,null
5729,mirks,null
5730,mirky,null
5731,mirly,null
5732,miros,null
5733,mirvs,null
5734,mirza,null
5735,misch,null
5736,misdo,null
5737,mises,null
5738,misgo,null
5739,misos,null
5740,missa,null
5741,mists,null
5742,misty,null
5743,mitch,null
5744,miter,null
5745,mites,null
5746,mitis,null
5747,mitre,null
5748,mitts,null
5749,mixed,null
5750,mixen,null
5751,mixer,null
5752,mixes,null
5753,mixte,null
5754,mixup,null
5755,mizen,null
5756,mizzy,null
5757,mneme,null
5758,moans,null
5759,moats,null
5760,mobby,null
5761,mobes,null
5762,mobey,null
5763,mobie,null
5764,moble,null
5765,mochi,null
5766,mochs,null
5767,mochy,null
5768,mocks,null
5769,moder,null
5770,modes,null
5771,modge,null
5772,modii,null
5773,modus,null
5774,moers,null
5775,mofos,null
5776,moggy,null
5777,mohel,null
5778,mohos,null
5779,mohrs,null
5780,mohua,null
5781,mohur,null
5782,moile,null
5783,moils,null
5784,moira,null
5785,moire,null
5786,moits,null
5787,mojos,null
5788,mokes,null
5789,mokis,null
5790,mokos,null
5791,molal,null
5792,molas,null
5793,molds,null
5794,moled,null
5795,moles,null
5796,molla,null
5797,molls,null
5798,molly,null
5799,molto,null
5800,molts,null
5801,molys,null
5802,momes,null
5803,momma,null
5804,mommy,null
5805,momus,null
5806,monad,null
5807,monal,null
5808,monas,null
5809,monde,null
5810,mondo,null
5811,moner,null
5812,mongo,null
5813,mongs,null
5814,monic,null
5815,monie,null
5816,monks,null
5817,monos,null
5818,monte,null
5819,monty,null
5820,moobs,null
5821,mooch,null
5822,moods,null
5823,mooed,null
5824,mooks,null
5825,moola,null
5826,mooli,null
5827,mools,null
5828,mooly,null
5829,moong,null
5830,moons,null
5831,moony,null
5832,moops,null
5833,moors,null
5834,moory,null
5835,moots,null
5836,moove,null
5837,moped,null
5838,moper,null
5839,mopes,null
5840,mopey,null
5841,moppy,null
5842,mopsy,null
5843,mopus,null
5844,morae,null
5845,moras,null
5846,morat,null
5847,moray,null
5848,morel,null
5849,mores,null
5850,moria,null
5851,morne,null
5852,morns,null
5853,morra,null
5854,morro,null
5855,morse,null
5856,morts,null
5857,mosed,null
5858,moses,null
5859,mosey,null
5860,mosks,null
5861,mosso,null
5862,moste,null
5863,mosts,null
5864,moted,null
5865,moten,null
5866,motes,null
5867,motet,null
5868,motey,null
5869,moths,null
5870,mothy,null
5871,motis,null
5872,motte,null
5873,motts,null
5874,motty,null
5875,motus,null
5876,motza,null
5877,mouch,null
5878,moues,null
5879,mould,null
5880,mouls,null
5881,moups,null
5882,moust,null
5883,mousy,null
5884,moved,null
5885,moves,null
5886,mowas,null
5887,mowed,null
5888,mowra,null
5889,moxas,null
5890,moxie,null
5891,moyas,null
5892,moyle,null
5893,moyls,null
5894,mozed,null
5895,mozes,null
5896,mozos,null
5897,mpret,null
5898,mucho,null
5899,mucic,null
5900,mucid,null
5901,mucin,null
5902,mucks,null
5903,mucor,null
5904,mucro,null
5905,mudge,null
5906,mudir,null
5907,mudra,null
5908,muffs,null
5909,mufti,null
5910,mugga,null
5911,muggs,null
5912,muggy,null
5913,muhly,null
5914,muids,null
5915,muils,null
5916,muirs,null
5917,muist,null
5918,mujik,null
5919,mulct,null
5920,muled,null
5921,mules,null
5922,muley,null
5923,mulga,null
5924,mulie,null
5925,mulla,null
5926,mulls,null
5927,mulse,null
5928,mulsh,null
5929,mumms,null
5930,mumps,null
5931,mumsy,null
5932,mumus,null
5933,munga,null
5934,munge,null
5935,mungo,null
5936,mungs,null
5937,munis,null
5938,munts,null
5939,muntu,null
5940,muons,null
5941,muras,null
5942,mured,null
5943,mures,null
5944,murex,null
5945,murid,null
5946,murks,null
5947,murls,null
5948,murly,null
5949,murra,null
5950,murre,null
5951,murri,null
5952,murrs,null
5953,murry,null
5954,murti,null
5955,murva,null
5956,musar,null
5957,musca,null
5958,mused,null
5959,muser,null
5960,muses,null
5961,muset,null
5962,musha,null
5963,musit,null
5964,musks,null
5965,musos,null
5966,musse,null
5967,mussy,null
5968,musth,null
5969,musts,null
5970,mutch,null
5971,muted,null
5972,muter,null
5973,mutes,null
5974,mutha,null
5975,mutis,null
5976,muton,null
5977,mutts,null
5978,muxed,null
5979,muxes,null
5980,muzak,null
5981,muzzy,null
5982,mvule,null
5983,myall,null
5984,mylar,null
5985,mynah,null
5986,mynas,null
5987,myoid,null
5988,myoma,null
5989,myope,null
5990,myops,null
5991,myopy,null
5992,mysid,null
5993,mythi,null
5994,myths,null
5995,mythy,null
5996,myxos,null
5997,mzees,null
5998,naams,null
5999,naans,null
6000,nabes,null
6001,nabis,null
6002,nabks,null
6003,nabla,null
6004,nabob,null
6005,nache,null
6006,nacho,null
6007,nacre,null
6008,nadas,null
6009,naeve,null
6010,naevi,null
6011,naffs,null
6012,nagas,null
6013,naggy,null
6014,nagor,null
6015,nahal,null
6016,naiad,null
6017,naifs,null
6018,naiks,null
6019,nails,null
6020,naira,null
6021,nairu,null
6022,naked,null
6023,naker,null
6024,nakfa,null
6025,nalas,null
6026,naled,null
6027,nalla,null
6028,named,null
6029,namer,null
6030,names,null
6031,namma,null
6032,namus,null
6033,nanas,null
6034,nance,null
6035,nancy,null
6036,nandu,null
6037,nanna,null
6038,nanos,null
6039,nanua,null
6040,napas,null
6041,naped,null
6042,napes,null
6043,napoo,null
6044,nappa,null
6045,nappe,null
6046,nappy,null
6047,naras,null
6048,narco,null
6049,narcs,null
6050,nards,null
6051,nares,null
6052,naric,null
6053,naris,null
6054,narks,null
6055,narky,null
6056,narre,null
6057,nashi,null
6058,natch,null
6059,nates,null
6060,natis,null
6061,natty,null
6062,nauch,null
6063,naunt,null
6064,navar,null
6065,naves,null
6066,navew,null
6067,navvy,null
6068,nawab,null
6069,nazes,null
6070,nazir,null
6071,nazis,null
6072,nduja,null
6073,neafe,null
6074,neals,null
6075,neaps,null
6076,nears,null
6077,neath,null
6078,neats,null
6079,nebek,null
6080,nebel,null
6081,necks,null
6082,neddy,null
6083,needs,null
6084,neeld,null
6085,neele,null
6086,neemb,null
6087,neems,null
6088,neeps,null
6089,neese,null
6090,neeze,null
6091,negro,null
6092,negus,null
6093,neifs,null
6094,neist,null
6095,neive,null
6096,nelis,null
6097,nelly,null
6098,nemas,null
6099,nemns,null
6100,nempt,null
6101,nenes,null
6102,neons,null
6103,neper,null
6104,nepit,null
6105,neral,null
6106,nerds,null
6107,nerka,null
6108,nerks,null
6109,nerol,null
6110,nerts,null
6111,nertz,null
6112,nervy,null
6113,nests,null
6114,netes,null
6115,netop,null
6116,netts,null
6117,netty,null
6118,neuks,null
6119,neume,null
6120,neums,null
6121,nevel,null
6122,neves,null
6123,nevus,null
6124,newbs,null
6125,newed,null
6126,newel,null
6127,newie,null
6128,newsy,null
6129,newts,null
6130,nexts,null
6131,nexus,null
6132,ngaio,null
6133,ngana,null
6134,ngati,null
6135,ngoma,null
6136,ngwee,null
6137,nicad,null
6138,nicht,null
6139,nicks,null
6140,nicol,null
6141,nidal,null
6142,nided,null
6143,nides,null
6144,nidor,null
6145,nidus,null
6146,niefs,null
6147,nieve,null
6148,nifes,null
6149,niffs,null
6150,niffy,null
6151,nifty,null
6152,niger,null
6153,nighs,null
6154,nihil,null
6155,nikab,null
6156,nikah,null
6157,nikau,null
6158,nills,null
6159,nimbi,null
6160,nimbs,null
6161,nimps,null
6162,niner,null
6163,nines,null
6164,ninon,null
6165,nipas,null
6166,nippy,null
6167,niqab,null
6168,nirls,null
6169,nirly,null
6170,nisei,null
6171,nisse,null
6172,nisus,null
6173,niter,null
6174,nites,null
6175,nitid,null
6176,niton,null
6177,nitre,null
6178,nitro,null
6179,nitry,null
6180,nitty,null
6181,nival,null
6182,nixed,null
6183,nixer,null
6184,nixes,null
6185,nixie,null
6186,nizam,null
6187,nkosi,null
6188,noahs,null
6189,nobby,null
6190,nocks,null
6191,nodal,null
6192,noddy,null
6193,nodes,null
6194,nodus,null
6195,noels,null
6196,noggs,null
6197,nohow,null
6198,noils,null
6199,noily,null
6200,noint,null
6201,noirs,null
6202,noles,null
6203,nolls,null
6204,nolos,null
6205,nomas,null
6206,nomen,null
6207,nomes,null
6208,nomic,null
6209,nomoi,null
6210,nomos,null
6211,nonas,null
6212,nonce,null
6213,nones,null
6214,nonet,null
6215,nongs,null
6216,nonis,null
6217,nonny,null
6218,nonyl,null
6219,noobs,null
6220,nooit,null
6221,nooks,null
6222,nooky,null
6223,noons,null
6224,noops,null
6225,nopal,null
6226,noria,null
6227,noris,null
6228,norks,null
6229,norma,null
6230,norms,null
6231,nosed,null
6232,noser,null
6233,noses,null
6234,notal,null
6235,noted,null
6236,noter,null
6237,notes,null
6238,notum,null
6239,nould,null
6240,noule,null
6241,nouls,null
6242,nouns,null
6243,nouny,null
6244,noups,null
6245,novae,null
6246,novas,null
6247,novum,null
6248,noway,null
6249,nowed,null
6250,nowls,null
6251,nowts,null
6252,nowty,null
6253,noxal,null
6254,noxes,null
6255,noyau,null
6256,noyed,null
6257,noyes,null
6258,nubby,null
6259,nubia,null
6260,nucha,null
6261,nuddy,null
6262,nuder,null
6263,nudes,null
6264,nudie,null
6265,nudzh,null
6266,nuffs,null
6267,nugae,null
6268,nuked,null
6269,nukes,null
6270,nulla,null
6271,nulls,null
6272,numbs,null
6273,numen,null
6274,nummy,null
6275,nunny,null
6276,nurds,null
6277,nurdy,null
6278,nurls,null
6279,nurrs,null
6280,nutso,null
6281,nutsy,null
6282,nyaff,null
6283,nyala,null
6284,nying,null
6285,nyssa,null
6286,oaked,null
6287,oaker,null
6288,oakum,null
6289,oared,null
6290,oases,null
6291,oasis,null
6292,oasts,null
6293,oaten,null
6294,oater,null
6295,oaths,null
6296,oaves,null
6297,obang,null
6298,obeah,null
6299,obeli,null
6300,obeys,null
6301,obias,null
6302,obied,null
6303,obiit,null
6304,obits,null
6305,objet,null
6306,oboes,null
6307,obole,null
6308,oboli,null
6309,obols,null
6310,occam,null
6311,ocher,null
6312,oches,null
6313,ochre,null
6314,ochry,null
6315,ocker,null
6316,ocrea,null
6317,octad,null
6318,octan,null
6319,octas,null
6320,octyl,null
6321,oculi,null
6322,odahs,null
6323,odals,null
6324,odeon,null
6325,odeum,null
6326,odism,null
6327,odist,null
6328,odium,null
6329,odors,null
6330,odour,null
6331,odyle,null
6332,odyls,null
6333,ofays,null
6334,offed,null
6335,offie,null
6336,oflag,null
6337,ofter,null
6338,ogams,null
6339,ogeed,null
6340,ogees,null
6341,oggin,null
6342,ogham,null
6343,ogive,null
6344,ogled,null
6345,ogler,null
6346,ogles,null
6347,ogmic,null
6348,ogres,null
6349,ohias,null
6350,ohing,null
6351,ohmic,null
6352,ohone,null
6353,oidia,null
6354,oiled,null
6355,oiler,null
6356,oinks,null
6357,oints,null
6358,ojime,null
6359,okapi,null
6360,okays,null
6361,okehs,null
6362,okras,null
6363,oktas,null
6364,oldie,null
6365,oleic,null
6366,olein,null
6367,olent,null
6368,oleos,null
6369,oleum,null
6370,olios,null
6371,ollas,null
6372,ollav,null
6373,oller,null
6374,ollie,null
6375,ology,null
6376,olpae,null
6377,olpes,null
6378,omasa,null
6379,omber,null
6380,ombus,null
6381,omens,null
6382,omers,null
6383,omits,null
6384,omlah,null
6385,omovs,null
6386,omrah,null
6387,oncer,null
6388,onces,null
6389,oncet,null
6390,oncus,null
6391,onely,null
6392,oners,null
6393,onery,null
6394,onium,null
6395,onkus,null
6396,onlay,null
6397,onned,null
6398,ontic,null
6399,oobit,null
6400,oohed,null
6401,oomph,null
6402,oonts,null
6403,ooped,null
6404,oorie,null
6405,ooses,null
6406,ootid,null
6407,oozed,null
6408,oozes,null
6409,opahs,null
6410,opals,null
6411,opens,null
6412,opepe,null
6413,oping,null
6414,oppos,null
6415,opsin,null
6416,opted,null
6417,opter,null
6418,orach,null
6419,oracy,null
6420,orals,null
6421,orang,null
6422,orant,null
6423,orate,null
6424,orbed,null
6425,orcas,null
6426,orcin,null
6427,ordos,null
6428,oread,null
6429,orfes,null
6430,orgia,null
6431,orgic,null
6432,orgue,null
6433,oribi,null
6434,oriel,null
6435,orixa,null
6436,orles,null
6437,orlon,null
6438,orlop,null
6439,ormer,null
6440,ornis,null
6441,orpin,null
6442,orris,null
6443,ortho,null
6444,orval,null
6445,orzos,null
6446,oscar,null
6447,oshac,null
6448,osier,null
6449,osmic,null
6450,osmol,null
6451,ossia,null
6452,ostia,null
6453,otaku,null
6454,otary,null
6455,ottar,null
6456,ottos,null
6457,oubit,null
6458,oucht,null
6459,ouens,null
6460,ouija,null
6461,oulks,null
6462,oumas,null
6463,oundy,null
6464,oupas,null
6465,ouped,null
6466,ouphe,null
6467,ouphs,null
6468,ourie,null
6469,ousel,null
6470,ousts,null
6471,outby,null
6472,outed,null
6473,outre,null
6474,outro,null
6475,outta,null
6476,ouzel,null
6477,ouzos,null
6478,ovals,null
6479,ovels,null
6480,ovens,null
6481,overs,null
6482,ovist,null
6483,ovoli,null
6484,ovolo,null
6485,ovule,null
6486,owche,null
6487,owies,null
6488,owled,null
6489,owler,null
6490,owlet,null
6491,owned,null
6492,owres,null
6493,owrie,null
6494,owsen,null
6495,oxbow,null
6496,oxers,null
6497,oxeye,null
6498,oxids,null
6499,oxies,null
6500,oxime,null
6501,oxims,null
6502,oxlip,null
6503,oxter,null
6504,oyers,null
6505,ozeki,null
6506,ozzie,null
6507,paals,null
6508,paans,null
6509,pacas,null
6510,paced,null
6511,pacer,null
6512,paces,null
6513,pacey,null
6514,pacha,null
6515,packs,null
6516,pacos,null
6517,pacta,null
6518,pacts,null
6519,padis,null
6520,padle,null
6521,padma,null
6522,padre,null
6523,padri,null
6524,paean,null
6525,paedo,null
6526,paeon,null
6527,paged,null
6528,pager,null
6529,pages,null
6530,pagle,null
6531,pagod,null
6532,pagri,null
6533,paiks,null
6534,pails,null
6535,pains,null
6536,paire,null
6537,pairs,null
6538,paisa,null
6539,paise,null
6540,pakka,null
6541,palas,null
6542,palay,null
6543,palea,null
6544,paled,null
6545,pales,null
6546,palet,null
6547,palis,null
6548,palki,null
6549,palla,null
6550,palls,null
6551,pally,null
6552,palms,null
6553,palmy,null
6554,palpi,null
6555,palps,null
6556,palsa,null
6557,pampa,null
6558,panax,null
6559,pance,null
6560,panda,null
6561,pands,null
6562,pandy,null
6563,paned,null
6564,panes,null
6565,panga,null
6566,pangs,null
6567,panim,null
6568,panko,null
6569,panne,null
6570,panni,null
6571,panto,null
6572,pants,null
6573,panty,null
6574,paoli,null
6575,paolo,null
6576,papas,null
6577,papaw,null
6578,papes,null
6579,pappi,null
6580,pappy,null
6581,parae,null
6582,paras,null
6583,parch,null
6584,pardi,null
6585,pards,null
6586,pardy,null
6587,pared,null
6588,paren,null
6589,pareo,null
6590,pares,null
6591,pareu,null
6592,parev,null
6593,parge,null
6594,pargo,null
6595,paris,null
6596,parki,null
6597,parks,null
6598,parky,null
6599,parle,null
6600,parly,null
6601,parma,null
6602,parol,null
6603,parps,null
6604,parra,null
6605,parrs,null
6606,parti,null
6607,parts,null
6608,parve,null
6609,parvo,null
6610,paseo,null
6611,pases,null
6612,pasha,null
6613,pashm,null
6614,paska,null
6615,paspy,null
6616,passe,null
6617,pasts,null
6618,pated,null
6619,paten,null
6620,pater,null
6621,pates,null
6622,paths,null
6623,patin,null
6624,patka,null
6625,patly,null
6626,patte,null
6627,patus,null
6628,pauas,null
6629,pauls,null
6630,pavan,null
6631,paved,null
6632,paven,null
6633,paver,null
6634,paves,null
6635,pavid,null
6636,pavin,null
6637,pavis,null
6638,pawas,null
6639,pawaw,null
6640,pawed,null
6641,pawer,null
6642,pawks,null
6643,pawky,null
6644,pawls,null
6645,pawns,null
6646,paxes,null
6647,payed,null
6648,payor,null
6649,paysd,null
6650,peage,null
6651,peags,null
6652,peaks,null
6653,peaky,null
6654,peals,null
6655,peans,null
6656,peare,null
6657,pears,null
6658,peart,null
6659,pease,null
6660,peats,null
6661,peaty,null
6662,peavy,null
6663,peaze,null
6664,pebas,null
6665,pechs,null
6666,pecke,null
6667,pecks,null
6668,pecky,null
6669,pedes,null
6670,pedis,null
6671,pedro,null
6672,peece,null
6673,peeks,null
6674,peels,null
6675,peens,null
6676,peeoy,null
6677,peepe,null
6678,peeps,null
6679,peers,null
6680,peery,null
6681,peeve,null
6682,peggy,null
6683,peghs,null
6684,peins,null
6685,peise,null
6686,peize,null
6687,pekan,null
6688,pekes,null
6689,pekin,null
6690,pekoe,null
6691,pelas,null
6692,pelau,null
6693,peles,null
6694,pelfs,null
6695,pells,null
6696,pelma,null
6697,pelon,null
6698,pelta,null
6699,pelts,null
6700,pends,null
6701,pendu,null
6702,pened,null
6703,penes,null
6704,pengo,null
6705,penie,null
6706,penis,null
6707,penks,null
6708,penna,null
6709,penni,null
6710,pents,null
6711,peons,null
6712,peony,null
6713,pepla,null
6714,pepos,null
6715,peppy,null
6716,pepsi,null
6717,perai,null
6718,perce,null
6719,percs,null
6720,perdu,null
6721,perdy,null
6722,perea,null
6723,peres,null
6724,peris,null
6725,perks,null
6726,perms,null
6727,perns,null
6728,perog,null
6729,perps,null
6730,perry,null
6731,perse,null
6732,perst,null
6733,perts,null
6734,perve,null
6735,pervo,null
6736,pervs,null
6737,pervy,null
6738,pesos,null
6739,pests,null
6740,pesty,null
6741,petar,null
6742,peter,null
6743,petit,null
6744,petre,null
6745,petri,null
6746,petti,null
6747,petto,null
6748,pewee,null
6749,pewit,null
6750,peyse,null
6751,phage,null
6752,phang,null
6753,phare,null
6754,pharm,null
6755,pheer,null
6756,phene,null
6757,pheon,null
6758,phese,null
6759,phial,null
6760,phish,null
6761,phizz,null
6762,phlox,null
6763,phoca,null
6764,phono,null
6765,phons,null
6766,phots,null
6767,phpht,null
6768,phuts,null
6769,phyla,null
6770,phyle,null
6771,piani,null
6772,pians,null
6773,pibal,null
6774,pical,null
6775,picas,null
6776,piccy,null
6777,picks,null
6778,picot,null
6779,picra,null
6780,picul,null
6781,piend,null
6782,piers,null
6783,piert,null
6784,pieta,null
6785,piets,null
6786,piezo,null
6787,pight,null
6788,pigmy,null
6789,piing,null
6790,pikas,null
6791,pikau,null
6792,piked,null
6793,piker,null
6794,pikes,null
6795,pikey,null
6796,pikis,null
6797,pikul,null
6798,pilae,null
6799,pilaf,null
6800,pilao,null
6801,pilar,null
6802,pilau,null
6803,pilaw,null
6804,pilch,null
6805,pilea,null
6806,piled,null
6807,pilei,null
6808,piler,null
6809,piles,null
6810,pilis,null
6811,pills,null
6812,pilow,null
6813,pilum,null
6814,pilus,null
6815,pimas,null
6816,pimps,null
6817,pinas,null
6818,pined,null
6819,pines,null
6820,pingo,null
6821,pings,null
6822,pinko,null
6823,pinks,null
6824,pinna,null
6825,pinny,null
6826,pinon,null
6827,pinot,null
6828,pinta,null
6829,pints,null
6830,pinup,null
6831,pions,null
6832,piony,null
6833,pious,null
6834,pioye,null
6835,pioys,null
6836,pipal,null
6837,pipas,null
6838,piped,null
6839,pipes,null
6840,pipet,null
6841,pipis,null
6842,pipit,null
6843,pippy,null
6844,pipul,null
6845,pirai,null
6846,pirls,null
6847,pirns,null
6848,pirog,null
6849,pisco,null
6850,pises,null
6851,pisky,null
6852,pisos,null
6853,pissy,null
6854,piste,null
6855,pitas,null
6856,piths,null
6857,piton,null
6858,pitot,null
6859,pitta,null
6860,piums,null
6861,pixes,null
6862,pized,null
6863,pizes,null
6864,plaas,null
6865,plack,null
6866,plage,null
6867,plans,null
6868,plaps,null
6869,plash,null
6870,plasm,null
6871,plast,null
6872,plats,null
6873,platt,null
6874,platy,null
6875,playa,null
6876,plays,null
6877,pleas,null
6878,plebe,null
6879,plebs,null
6880,plena,null
6881,pleon,null
6882,plesh,null
6883,plews,null
6884,plica,null
6885,plies,null
6886,plims,null
6887,pling,null
6888,plink,null
6889,ploat,null
6890,plods,null
6891,plong,null
6892,plonk,null
6893,plook,null
6894,plops,null
6895,plots,null
6896,plotz,null
6897,plouk,null
6898,plows,null
6899,ploye,null
6900,ploys,null
6901,plues,null
6902,pluff,null
6903,plugs,null
6904,plums,null
6905,plumy,null
6906,pluot,null
6907,pluto,null
6908,plyer,null
6909,poach,null
6910,poaka,null
6911,poake,null
6912,poboy,null
6913,pocks,null
6914,pocky,null
6915,podal,null
6916,poddy,null
6917,podex,null
6918,podge,null
6919,podgy,null
6920,podia,null
6921,poems,null
6922,poeps,null
6923,poets,null
6924,pogey,null
6925,pogge,null
6926,pogos,null
6927,pohed,null
6928,poilu,null
6929,poind,null
6930,pokal,null
6931,poked,null
6932,pokes,null
6933,pokey,null
6934,pokie,null
6935,poled,null
6936,poler,null
6937,poles,null
6938,poley,null
6939,polio,null
6940,polis,null
6941,polje,null
6942,polks,null
6943,polls,null
6944,polly,null
6945,polos,null
6946,polts,null
6947,polys,null
6948,pombe,null
6949,pomes,null
6950,pommy,null
6951,pomos,null
6952,pomps,null
6953,ponce,null
6954,poncy,null
6955,ponds,null
6956,pones,null
6957,poney,null
6958,ponga,null
6959,pongo,null
6960,pongs,null
6961,pongy,null
6962,ponks,null
6963,ponts,null
6964,ponty,null
6965,ponzu,null
6966,poods,null
6967,pooed,null
6968,poofs,null
6969,poofy,null
6970,poohs,null
6971,pooja,null
6972,pooka,null
6973,pooks,null
6974,pools,null
6975,poons,null
6976,poops,null
6977,poopy,null
6978,poori,null
6979,poort,null
6980,poots,null
6981,poove,null
6982,poovy,null
6983,popes,null
6984,poppa,null
6985,popsy,null
6986,porae,null
6987,poral,null
6988,pored,null
6989,porer,null
6990,pores,null
6991,porge,null
6992,porgy,null
6993,porin,null
6994,porks,null
6995,porky,null
6996,porno,null
6997,porns,null
6998,porny,null
6999,porta,null
7000,ports,null
7001,porty,null
7002,posed,null
7003,poses,null
7004,posey,null
7005,posho,null
7006,posts,null
7007,potae,null
7008,potch,null
7009,poted,null
7010,potes,null
7011,potin,null
7012,potoo,null
7013,potsy,null
7014,potto,null
7015,potts,null
7016,potty,null
7017,pouff,null
7018,poufs,null
7019,pouke,null
7020,pouks,null
7021,poule,null
7022,poulp,null
7023,poult,null
7024,poupe,null
7025,poupt,null
7026,pours,null
7027,pouts,null
7028,powan,null
7029,powin,null
7030,pownd,null
7031,powns,null
7032,powny,null
7033,powre,null
7034,poxed,null
7035,poxes,null
7036,poynt,null
7037,poyou,null
7038,poyse,null
7039,pozzy,null
7040,praam,null
7041,prads,null
7042,prahu,null
7043,prams,null
7044,prana,null
7045,prang,null
7046,praos,null
7047,prase,null
7048,prate,null
7049,prats,null
7050,pratt,null
7051,praty,null
7052,praus,null
7053,prays,null
7054,predy,null
7055,preed,null
7056,prees,null
7057,preif,null
7058,prems,null
7059,premy,null
7060,prent,null
7061,preon,null
7062,preop,null
7063,preps,null
7064,presa,null
7065,prese,null
7066,prest,null
7067,preve,null
7068,prexy,null
7069,preys,null
7070,prial,null
7071,pricy,null
7072,prief,null
7073,prier,null
7074,pries,null
7075,prigs,null
7076,prill,null
7077,prima,null
7078,primi,null
7079,primp,null
7080,prims,null
7081,primy,null
7082,prink,null
7083,prion,null
7084,prise,null
7085,priss,null
7086,proas,null
7087,probs,null
7088,prods,null
7089,proem,null
7090,profs,null
7091,progs,null
7092,proin,null
7093,proke,null
7094,prole,null
7095,proll,null
7096,promo,null
7097,proms,null
7098,pronk,null
7099,props,null
7100,prore,null
7101,proso,null
7102,pross,null
7103,prost,null
7104,prosy,null
7105,proto,null
7106,proul,null
7107,prows,null
7108,proyn,null
7109,prunt,null
7110,pruta,null
7111,pryer,null
7112,pryse,null
7113,pseud,null
7114,pshaw,null
7115,psion,null
7116,psoae,null
7117,psoai,null
7118,psoas,null
7119,psora,null
7120,psych,null
7121,psyop,null
7122,pubco,null
7123,pubes,null
7124,pubis,null
7125,pucan,null
7126,pucer,null
7127,puces,null
7128,pucka,null
7129,pucks,null
7130,puddy,null
7131,pudge,null
7132,pudic,null
7133,pudor,null
7134,pudsy,null
7135,pudus,null
7136,puers,null
7137,puffa,null
7138,puffs,null
7139,puggy,null
7140,pugil,null
7141,puhas,null
7142,pujah,null
7143,pujas,null
7144,pukas,null
7145,puked,null
7146,puker,null
7147,pukes,null
7148,pukey,null
7149,pukka,null
7150,pukus,null
7151,pulao,null
7152,pulas,null
7153,puled,null
7154,puler,null
7155,pules,null
7156,pulik,null
7157,pulis,null
7158,pulka,null
7159,pulks,null
7160,pulli,null
7161,pulls,null
7162,pully,null
7163,pulmo,null
7164,pulps,null
7165,pulus,null
7166,pumas,null
7167,pumie,null
7168,pumps,null
7169,punas,null
7170,punce,null
7171,punga,null
7172,pungs,null
7173,punji,null
7174,punka,null
7175,punks,null
7176,punky,null
7177,punny,null
7178,punto,null
7179,punts,null
7180,punty,null
7181,pupae,null
7182,pupas,null
7183,pupus,null
7184,purda,null
7185,pured,null
7186,pures,null
7187,purin,null
7188,puris,null
7189,purls,null
7190,purpy,null
7191,purrs,null
7192,pursy,null
7193,purty,null
7194,puses,null
7195,pusle,null
7196,putid,null
7197,puton,null
7198,putti,null
7199,putto,null
7200,putts,null
7201,puzel,null
7202,pwned,null
7203,pyats,null
7204,pyets,null
7205,pygal,null
7206,pyins,null
7207,pylon,null
7208,pyned,null
7209,pynes,null
7210,pyoid,null
7211,pyots,null
7212,pyral,null
7213,pyran,null
7214,pyres,null
7215,pyrex,null
7216,pyric,null
7217,pyros,null
7218,pyxed,null
7219,pyxes,null
7220,pyxie,null
7221,pyxis,null
7222,pzazz,null
7223,qadis,null
7224,qaids,null
7225,qajaq,null
7226,qanat,null
7227,qapik,null
7228,qibla,null
7229,qophs,null
7230,qorma,null
7231,quads,null
7232,quaff,null
7233,quags,null
7234,quair,null
7235,quais,null
7236,quaky,null
7237,quale,null
7238,quant,null
7239,quare,null
7240,quass,null
7241,quate,null
7242,quats,null
7243,quayd,null
7244,quays,null
7245,qubit,null
7246,quean,null
7247,queme,null
7248,quena,null
7249,quern,null
7250,queyn,null
7251,queys,null
7252,quich,null
7253,quids,null
7254,quiff,null
7255,quims,null
7256,quina,null
7257,quine,null
7258,quino,null
7259,quins,null
7260,quint,null
7261,quipo,null
7262,quips,null
7263,quipu,null
7264,quire,null
7265,quirt,null
7266,quist,null
7267,quits,null
7268,quoad,null
7269,quods,null
7270,quoif,null
7271,quoin,null
7272,quoit,null
7273,quoll,null
7274,quonk,null
7275,quops,null
7276,qursh,null
7277,quyte,null
7278,rabat,null
7279,rabic,null
7280,rabis,null
7281,raced,null
7282,races,null
7283,rache,null
7284,racks,null
7285,racon,null
7286,radge,null
7287,radix,null
7288,radon,null
7289,raffs,null
7290,rafts,null
7291,ragas,null
7292,ragde,null
7293,raged,null
7294,ragee,null
7295,rager,null
7296,rages,null
7297,ragga,null
7298,raggs,null
7299,raggy,null
7300,ragis,null
7301,ragus,null
7302,rahed,null
7303,rahui,null
7304,raias,null
7305,raids,null
7306,raiks,null
7307,raile,null
7308,rails,null
7309,raine,null
7310,rains,null
7311,raird,null
7312,raita,null
7313,raits,null
7314,rajas,null
7315,rajes,null
7316,raked,null
7317,rakee,null
7318,raker,null
7319,rakes,null
7320,rakia,null
7321,rakis,null
7322,rakus,null
7323,rales,null
7324,ramal,null
7325,ramee,null
7326,ramet,null
7327,ramie,null
7328,ramin,null
7329,ramis,null
7330,rammy,null
7331,ramps,null
7332,ramus,null
7333,ranas,null
7334,rance,null
7335,rands,null
7336,ranee,null
7337,ranga,null
7338,rangi,null
7339,rangs,null
7340,rangy,null
7341,ranid,null
7342,ranis,null
7343,ranke,null
7344,ranks,null
7345,rants,null
7346,raped,null
7347,raper,null
7348,rapes,null
7349,raphe,null
7350,rappe,null
7351,rared,null
7352,raree,null
7353,rares,null
7354,rarks,null
7355,rased,null
7356,raser,null
7357,rases,null
7358,rasps,null
7359,rasse,null
7360,rasta,null
7361,ratal,null
7362,ratan,null
7363,ratas,null
7364,ratch,null
7365,rated,null
7366,ratel,null
7367,rater,null
7368,rates,null
7369,ratha,null
7370,rathe,null
7371,raths,null
7372,ratoo,null
7373,ratos,null
7374,ratus,null
7375,rauns,null
7376,raupo,null
7377,raved,null
7378,ravel,null
7379,raver,null
7380,raves,null
7381,ravey,null
7382,ravin,null
7383,rawer,null
7384,rawin,null
7385,rawly,null
7386,rawns,null
7387,raxed,null
7388,raxes,null
7389,rayah,null
7390,rayas,null
7391,rayed,null
7392,rayle,null
7393,rayne,null
7394,razed,null
7395,razee,null
7396,razer,null
7397,razes,null
7398,razoo,null
7399,readd,null
7400,reads,null
7401,reais,null
7402,reaks,null
7403,realo,null
7404,reals,null
7405,reame,null
7406,reams,null
7407,reamy,null
7408,reans,null
7409,reaps,null
7410,rears,null
7411,reast,null
7412,reata,null
7413,reate,null
7414,reave,null
7415,rebbe,null
7416,rebec,null
7417,rebid,null
7418,rebit,null
7419,rebop,null
7420,rebuy,null
7421,recal,null
7422,recce,null
7423,recco,null
7424,reccy,null
7425,recit,null
7426,recks,null
7427,recon,null
7428,recta,null
7429,recti,null
7430,recto,null
7431,redan,null
7432,redds,null
7433,reddy,null
7434,reded,null
7435,redes,null
7436,redia,null
7437,redid,null
7438,redip,null
7439,redly,null
7440,redon,null
7441,redos,null
7442,redox,null
7443,redry,null
7444,redub,null
7445,redux,null
7446,redye,null
7447,reech,null
7448,reede,null
7449,reeds,null
7450,reefs,null
7451,reefy,null
7452,reeks,null
7453,reeky,null
7454,reels,null
7455,reens,null
7456,reest,null
7457,reeve,null
7458,refed,null
7459,refel,null
7460,reffo,null
7461,refis,null
7462,refix,null
7463,refly,null
7464,refry,null
7465,regar,null
7466,reges,null
7467,reggo,null
7468,regie,null
7469,regma,null
7470,regna,null
7471,regos,null
7472,regur,null
7473,rehem,null
7474,reifs,null
7475,reify,null
7476,reiki,null
7477,reiks,null
7478,reink,null
7479,reins,null
7480,reird,null
7481,reist,null
7482,reive,null
7483,rejig,null
7484,rejon,null
7485,reked,null
7486,rekes,null
7487,rekey,null
7488,relet,null
7489,relie,null
7490,relit,null
7491,rello,null
7492,reman,null
7493,remap,null
7494,remen,null
7495,remet,null
7496,remex,null
7497,remix,null
7498,renay,null
7499,rends,null
7500,reney,null
7501,renga,null
7502,renig,null
7503,renin,null
7504,renne,null
7505,renos,null
7506,rente,null
7507,rents,null
7508,reoil,null
7509,reorg,null
7510,repeg,null
7511,repin,null
7512,repla,null
7513,repos,null
7514,repot,null
7515,repps,null
7516,repro,null
7517,reran,null
7518,rerig,null
7519,resat,null
7520,resaw,null
7521,resay,null
7522,resee,null
7523,reses,null
7524,resew,null
7525,resid,null
7526,resit,null
7527,resod,null
7528,resow,null
7529,resto,null
7530,rests,null
7531,resty,null
7532,resus,null
7533,retag,null
7534,retax,null
7535,retem,null
7536,retia,null
7537,retie,null
7538,retox,null
7539,revet,null
7540,revie,null
7541,rewan,null
7542,rewax,null
7543,rewed,null
7544,rewet,null
7545,rewin,null
7546,rewon,null
7547,rewth,null
7548,rexes,null
7549,rezes,null
7550,rheas,null
7551,rheme,null
7552,rheum,null
7553,rhies,null
7554,rhime,null
7555,rhine,null
7556,rhody,null
7557,rhomb,null
7558,rhone,null
7559,rhumb,null
7560,rhyne,null
7561,rhyta,null
7562,riads,null
7563,rials,null
7564,riant,null
7565,riata,null
7566,ribas,null
7567,ribby,null
7568,ribes,null
7569,riced,null
7570,ricer,null
7571,rices,null
7572,ricey,null
7573,richt,null
7574,ricin,null
7575,ricks,null
7576,rides,null
7577,ridgy,null
7578,ridic,null
7579,riels,null
7580,riems,null
7581,rieve,null
7582,rifer,null
7583,riffs,null
7584,rifte,null
7585,rifts,null
7586,rifty,null
7587,riggs,null
7588,rigol,null
7589,riled,null
7590,riles,null
7591,riley,null
7592,rille,null
7593,rills,null
7594,rimae,null
7595,rimed,null
7596,rimer,null
7597,rimes,null
7598,rimus,null
7599,rinds,null
7600,rindy,null
7601,rines,null
7602,rings,null
7603,rinks,null
7604,rioja,null
7605,riots,null
7606,riped,null
7607,ripes,null
7608,ripps,null
7609,rises,null
7610,rishi,null
7611,risks,null
7612,risps,null
7613,risus,null
7614,rites,null
7615,ritts,null
7616,ritzy,null
7617,rivas,null
7618,rived,null
7619,rivel,null
7620,riven,null
7621,rives,null
7622,riyal,null
7623,rizas,null
7624,roads,null
7625,roams,null
7626,roans,null
7627,roars,null
7628,roary,null
7629,roate,null
7630,robed,null
7631,robes,null
7632,roble,null
7633,rocks,null
7634,roded,null
7635,rodes,null
7636,roguy,null
7637,rohes,null
7638,roids,null
7639,roils,null
7640,roily,null
7641,roins,null
7642,roist,null
7643,rojak,null
7644,rojis,null
7645,roked,null
7646,roker,null
7647,rokes,null
7648,rolag,null
7649,roles,null
7650,rolfs,null
7651,rolls,null
7652,romal,null
7653,roman,null
7654,romeo,null
7655,romps,null
7656,ronde,null
7657,rondo,null
7658,roneo,null
7659,rones,null
7660,ronin,null
7661,ronne,null
7662,ronte,null
7663,ronts,null
7664,roods,null
7665,roofs,null
7666,roofy,null
7667,rooks,null
7668,rooky,null
7669,rooms,null
7670,roons,null
7671,roops,null
7672,roopy,null
7673,roosa,null
7674,roose,null
7675,roots,null
7676,rooty,null
7677,roped,null
7678,roper,null
7679,ropes,null
7680,ropey,null
7681,roque,null
7682,roral,null
7683,rores,null
7684,roric,null
7685,rorid,null
7686,rorie,null
7687,rorts,null
7688,rorty,null
7689,rosed,null
7690,roses,null
7691,roset,null
7692,roshi,null
7693,rosin,null
7694,rosit,null
7695,rosti,null
7696,rosts,null
7697,rotal,null
7698,rotan,null
7699,rotas,null
7700,rotch,null
7701,roted,null
7702,rotes,null
7703,rotis,null
7704,rotls,null
7705,roton,null
7706,rotos,null
7707,rotte,null
7708,rouen,null
7709,roues,null
7710,roule,null
7711,rouls,null
7712,roums,null
7713,roups,null
7714,roupy,null
7715,roust,null
7716,routh,null
7717,routs,null
7718,roved,null
7719,roven,null
7720,roves,null
7721,rowan,null
7722,rowed,null
7723,rowel,null
7724,rowen,null
7725,rowie,null
7726,rowme,null
7727,rownd,null
7728,rowth,null
7729,rowts,null
7730,royne,null
7731,royst,null
7732,rozet,null
7733,rozit,null
7734,ruana,null
7735,rubai,null
7736,rubby,null
7737,rubel,null
7738,rubes,null
7739,rubin,null
7740,ruble,null
7741,rubli,null
7742,rubus,null
7743,ruche,null
7744,rucks,null
7745,rudas,null
7746,rudds,null
7747,rudes,null
7748,rudie,null
7749,rudis,null
7750,rueda,null
7751,ruers,null
7752,ruffe,null
7753,ruffs,null
7754,rugae,null
7755,rugal,null
7756,ruggy,null
7757,ruing,null
7758,ruins,null
7759,rukhs,null
7760,ruled,null
7761,rules,null
7762,rumal,null
7763,rumbo,null
7764,rumen,null
7765,rumes,null
7766,rumly,null
7767,rummy,null
7768,rumpo,null
7769,rumps,null
7770,rumpy,null
7771,runch,null
7772,runds,null
7773,runed,null
7774,runes,null
7775,rungs,null
7776,runic,null
7777,runny,null
7778,runts,null
7779,runty,null
7780,rupia,null
7781,rurps,null
7782,rurus,null
7783,rusas,null
7784,ruses,null
7785,rushy,null
7786,rusks,null
7787,rusma,null
7788,russe,null
7789,rusts,null
7790,ruths,null
7791,rutin,null
7792,rutty,null
7793,ryals,null
7794,rybat,null
7795,ryked,null
7796,rykes,null
7797,rymme,null
7798,rynds,null
7799,ryots,null
7800,ryper,null
7801,saags,null
7802,sabal,null
7803,sabed,null
7804,saber,null
7805,sabes,null
7806,sabha,null
7807,sabin,null
7808,sabir,null
7809,sable,null
7810,sabot,null
7811,sabra,null
7812,sabre,null
7813,sacks,null
7814,sacra,null
7815,saddo,null
7816,sades,null
7817,sadhe,null
7818,sadhu,null
7819,sadis,null
7820,sados,null
7821,sadza,null
7822,safed,null
7823,safes,null
7824,sagas,null
7825,sager,null
7826,sages,null
7827,saggy,null
7828,sagos,null
7829,sagum,null
7830,saheb,null
7831,sahib,null
7832,saice,null
7833,saick,null
7834,saics,null
7835,saids,null
7836,saiga,null
7837,sails,null
7838,saims,null
7839,saine,null
7840,sains,null
7841,sairs,null
7842,saist,null
7843,saith,null
7844,sajou,null
7845,sakai,null
7846,saker,null
7847,sakes,null
7848,sakia,null
7849,sakis,null
7850,sakti,null
7851,salal,null
7852,salat,null
7853,salep,null
7854,sales,null
7855,salet,null
7856,salic,null
7857,salix,null
7858,salle,null
7859,salmi,null
7860,salol,null
7861,salop,null
7862,salpa,null
7863,salps,null
7864,salse,null
7865,salto,null
7866,salts,null
7867,salue,null
7868,salut,null
7869,saman,null
7870,samas,null
7871,samba,null
7872,sambo,null
7873,samek,null
7874,samel,null
7875,samen,null
7876,sames,null
7877,samey,null
7878,samfu,null
7879,sammy,null
7880,sampi,null
7881,samps,null
7882,sands,null
7883,saned,null
7884,sanes,null
7885,sanga,null
7886,sangh,null
7887,sango,null
7888,sangs,null
7889,sanko,null
7890,sansa,null
7891,santo,null
7892,sants,null
7893,saola,null
7894,sapan,null
7895,sapid,null
7896,sapor,null
7897,saran,null
7898,sards,null
7899,sared,null
7900,saree,null
7901,sarge,null
7902,sargo,null
7903,sarin,null
7904,saris,null
7905,sarks,null
7906,sarky,null
7907,sarod,null
7908,saros,null
7909,sarus,null
7910,saser,null
7911,sasin,null
7912,sasse,null
7913,satai,null
7914,satay,null
7915,sated,null
7916,satem,null
7917,sates,null
7918,satis,null
7919,sauba,null
7920,sauch,null
7921,saugh,null
7922,sauls,null
7923,sault,null
7924,saunt,null
7925,saury,null
7926,sauts,null
7927,saved,null
7928,saver,null
7929,saves,null
7930,savey,null
7931,savin,null
7932,sawah,null
7933,sawed,null
7934,sawer,null
7935,saxes,null
7936,sayed,null
7937,sayer,null
7938,sayid,null
7939,sayne,null
7940,sayon,null
7941,sayst,null
7942,sazes,null
7943,scabs,null
7944,scads,null
7945,scaff,null
7946,scags,null
7947,scail,null
7948,scala,null
7949,scall,null
7950,scams,null
7951,scand,null
7952,scans,null
7953,scapa,null
7954,scape,null
7955,scapi,null
7956,scarp,null
7957,scars,null
7958,scart,null
7959,scath,null
7960,scats,null
7961,scatt,null
7962,scaud,null
7963,scaup,null
7964,scaur,null
7965,scaws,null
7966,sceat,null
7967,scena,null
7968,scend,null
7969,schav,null
7970,schmo,null
7971,schul,null
7972,schwa,null
7973,sclim,null
7974,scody,null
7975,scogs,null
7976,scoog,null
7977,scoot,null
7978,scopa,null
7979,scops,null
7980,scots,null
7981,scoug,null
7982,scoup,null
7983,scowp,null
7984,scows,null
7985,scrab,null
7986,scrae,null
7987,scrag,null
7988,scran,null
7989,scrat,null
7990,scraw,null
7991,scray,null
7992,scrim,null
7993,scrip,null
7994,scrob,null
7995,scrod,null
7996,scrog,null
7997,scrow,null
7998,scudi,null
7999,scudo,null
8000,scuds,null
8001,scuff,null
8002,scuft,null
8003,scugs,null
8004,sculk,null
8005,scull,null
8006,sculp,null
8007,sculs,null
8008,scums,null
8009,scups,null
8010,scurf,null
8011,scurs,null
8012,scuse,null
8013,scuta,null
8014,scute,null
8015,scuts,null
8016,scuzz,null
8017,scyes,null
8018,sdayn,null
8019,sdein,null
8020,seals,null
8021,seame,null
8022,seams,null
8023,seamy,null
8024,seans,null
8025,seare,null
8026,sears,null
8027,sease,null
8028,seats,null
8029,seaze,null
8030,sebum,null
8031,secco,null
8032,sechs,null
8033,sects,null
8034,seder,null
8035,sedes,null
8036,sedge,null
8037,sedgy,null
8038,sedum,null
8039,seeds,null
8040,seeks,null
8041,seeld,null
8042,seels,null
8043,seely,null
8044,seems,null
8045,seeps,null
8046,seepy,null
8047,seers,null
8048,sefer,null
8049,segar,null
8050,segni,null
8051,segno,null
8052,segol,null
8053,segos,null
8054,sehri,null
8055,seifs,null
8056,seils,null
8057,seine,null
8058,seirs,null
8059,seise,null
8060,seism,null
8061,seity,null
8062,seiza,null
8063,sekos,null
8064,sekts,null
8065,selah,null
8066,seles,null
8067,selfs,null
8068,sella,null
8069,selle,null
8070,sells,null
8071,selva,null
8072,semee,null
8073,semes,null
8074,semie,null
8075,semis,null
8076,senas,null
8077,sends,null
8078,senes,null
8079,sengi,null
8080,senna,null
8081,senor,null
8082,sensa,null
8083,sensi,null
8084,sente,null
8085,senti,null
8086,sents,null
8087,senvy,null
8088,senza,null
8089,sepad,null
8090,sepal,null
8091,sepic,null
8092,sepoy,null
8093,septa,null
8094,septs,null
8095,serac,null
8096,serai,null
8097,seral,null
8098,sered,null
8099,serer,null
8100,seres,null
8101,serfs,null
8102,serge,null
8103,seric,null
8104,serin,null
8105,serks,null
8106,seron,null
8107,serow,null
8108,serra,null
8109,serre,null
8110,serrs,null
8111,serry,null
8112,servo,null
8113,sesey,null
8114,sessa,null
8115,setae,null
8116,setal,null
8117,seton,null
8118,setts,null
8119,sewan,null
8120,sewar,null
8121,sewed,null
8122,sewel,null
8123,sewen,null
8124,sewin,null
8125,sexed,null
8126,sexer,null
8127,sexes,null
8128,sexto,null
8129,sexts,null
8130,seyen,null
8131,shads,null
8132,shags,null
8133,shahs,null
8134,shako,null
8135,shakt,null
8136,shalm,null
8137,shaly,null
8138,shama,null
8139,shams,null
8140,shand,null
8141,shans,null
8142,shaps,null
8143,sharn,null
8144,shash,null
8145,shaul,null
8146,shawm,null
8147,shawn,null
8148,shaws,null
8149,shaya,null
8150,shays,null
8151,shchi,null
8152,sheaf,null
8153,sheal,null
8154,sheas,null
8155,sheds,null
8156,sheel,null
8157,shend,null
8158,shent,null
8159,sheol,null
8160,sherd,null
8161,shere,null
8162,shero,null
8163,shets,null
8164,sheva,null
8165,shewn,null
8166,shews,null
8167,shiai,null
8168,shiel,null
8169,shier,null
8170,shies,null
8171,shill,null
8172,shily,null
8173,shims,null
8174,shins,null
8175,ships,null
8176,shirr,null
8177,shirs,null
8178,shish,null
8179,shiso,null
8180,shist,null
8181,shite,null
8182,shits,null
8183,shiur,null
8184,shiva,null
8185,shive,null
8186,shivs,null
8187,shlep,null
8188,shlub,null
8189,shmek,null
8190,shmoe,null
8191,shoat,null
8192,shoed,null
8193,shoer,null
8194,shoes,null
8195,shogi,null
8196,shogs,null
8197,shoji,null
8198,shojo,null
8199,shola,null
8200,shool,null
8201,shoon,null
8202,shoos,null
8203,shope,null
8204,shops,null
8205,shorl,null
8206,shote,null
8207,shots,null
8208,shott,null
8209,showd,null
8210,shows,null
8211,shoyu,null
8212,shred,null
8213,shris,null
8214,shrow,null
8215,shtik,null
8216,shtum,null
8217,shtup,null
8218,shule,null
8219,shuln,null
8220,shuls,null
8221,shuns,null
8222,shura,null
8223,shute,null
8224,shuts,null
8225,shwas,null
8226,shyer,null
8227,sials,null
8228,sibbs,null
8229,sibyl,null
8230,sices,null
8231,sicht,null
8232,sicko,null
8233,sicks,null
8234,sicky,null
8235,sidas,null
8236,sided,null
8237,sider,null
8238,sides,null
8239,sidha,null
8240,sidhe,null
8241,sidle,null
8242,sield,null
8243,siens,null
8244,sient,null
8245,sieth,null
8246,sieur,null
8247,sifts,null
8248,sighs,null
8249,sigil,null
8250,sigla,null
8251,signa,null
8252,signs,null
8253,sijos,null
8254,sikas,null
8255,siker,null
8256,sikes,null
8257,silds,null
8258,siled,null
8259,silen,null
8260,siler,null
8261,siles,null
8262,silex,null
8263,silks,null
8264,sills,null
8265,silos,null
8266,silts,null
8267,silty,null
8268,silva,null
8269,simar,null
8270,simas,null
8271,simba,null
8272,simis,null
8273,simps,null
8274,simul,null
8275,sinds,null
8276,sined,null
8277,sines,null
8278,sings,null
8279,sinhs,null
8280,sinks,null
8281,sinky,null
8282,sinus,null
8283,siped,null
8284,sipes,null
8285,sippy,null
8286,sired,null
8287,siree,null
8288,sires,null
8289,sirih,null
8290,siris,null
8291,siroc,null
8292,sirra,null
8293,sirup,null
8294,sisal,null
8295,sises,null
8296,sista,null
8297,sists,null
8298,sitar,null
8299,sited,null
8300,sites,null
8301,sithe,null
8302,sitka,null
8303,situp,null
8304,situs,null
8305,siver,null
8306,sixer,null
8307,sixes,null
8308,sixmo,null
8309,sixte,null
8310,sizar,null
8311,sized,null
8312,sizel,null
8313,sizer,null
8314,sizes,null
8315,skags,null
8316,skail,null
8317,skald,null
8318,skank,null
8319,skart,null
8320,skats,null
8321,skatt,null
8322,skaws,null
8323,skean,null
8324,skear,null
8325,skeds,null
8326,skeed,null
8327,skeef,null
8328,skeen,null
8329,skeer,null
8330,skees,null
8331,skeet,null
8332,skegg,null
8333,skegs,null
8334,skein,null
8335,skelf,null
8336,skell,null
8337,skelm,null
8338,skelp,null
8339,skene,null
8340,skens,null
8341,skeos,null
8342,skeps,null
8343,skers,null
8344,skets,null
8345,skews,null
8346,skids,null
8347,skied,null
8348,skies,null
8349,skiey,null
8350,skimo,null
8351,skims,null
8352,skink,null
8353,skins,null
8354,skint,null
8355,skios,null
8356,skips,null
8357,skirl,null
8358,skirr,null
8359,skite,null
8360,skits,null
8361,skive,null
8362,skivy,null
8363,sklim,null
8364,skoal,null
8365,skody,null
8366,skoff,null
8367,skogs,null
8368,skols,null
8369,skool,null
8370,skort,null
8371,skosh,null
8372,skran,null
8373,skrik,null
8374,skuas,null
8375,skugs,null
8376,skyed,null
8377,skyer,null
8378,skyey,null
8379,skyfs,null
8380,skyre,null
8381,skyrs,null
8382,skyte,null
8383,slabs,null
8384,slade,null
8385,slaes,null
8386,slags,null
8387,slaid,null
8388,slake,null
8389,slams,null
8390,slane,null
8391,slank,null
8392,slaps,null
8393,slart,null
8394,slats,null
8395,slaty,null
8396,slaws,null
8397,slays,null
8398,slebs,null
8399,sleds,null
8400,sleer,null
8401,slews,null
8402,sleys,null
8403,slier,null
8404,slily,null
8405,slims,null
8406,slipe,null
8407,slips,null
8408,slipt,null
8409,slish,null
8410,slits,null
8411,slive,null
8412,sloan,null
8413,slobs,null
8414,sloes,null
8415,slogs,null
8416,sloid,null
8417,slojd,null
8418,slomo,null
8419,sloom,null
8420,sloot,null
8421,slops,null
8422,slopy,null
8423,slorm,null
8424,slots,null
8425,slove,null
8426,slows,null
8427,sloyd,null
8428,slubb,null
8429,slubs,null
8430,slued,null
8431,slues,null
8432,sluff,null
8433,slugs,null
8434,sluit,null
8435,slums,null
8436,slurb,null
8437,slurs,null
8438,sluse,null
8439,slyer,null
8440,slype,null
8441,smaak,null
8442,smaik,null
8443,smalm,null
8444,smalt,null
8445,smarm,null
8446,smaze,null
8447,smeek,null
8448,smees,null
8449,smeik,null
8450,smeke,null
8451,smerk,null
8452,smews,null
8453,smirr,null
8454,smirs,null
8455,smits,null
8456,smogs,null
8457,smoko,null
8458,smolt,null
8459,smoor,null
8460,smoot,null
8461,smore,null
8462,smorg,null
8463,smout,null
8464,smowt,null
8465,smugs,null
8466,smurs,null
8467,smush,null
8468,smuts,null
8469,snabs,null
8470,snafu,null
8471,snags,null
8472,snaps,null
8473,snarf,null
8474,snark,null
8475,snars,null
8476,snary,null
8477,snash,null
8478,snath,null
8479,snaws,null
8480,snead,null
8481,sneap,null
8482,snebs,null
8483,sneck,null
8484,sneds,null
8485,sneed,null
8486,snees,null
8487,snell,null
8488,snibs,null
8489,snick,null
8490,snies,null
8491,snift,null
8492,snigs,null
8493,snips,null
8494,snipy,null
8495,snirt,null
8496,snits,null
8497,snobs,null
8498,snods,null
8499,snoek,null
8500,snoep,null
8501,snogs,null
8502,snoke,null
8503,snood,null
8504,snook,null
8505,snool,null
8506,snoot,null
8507,snots,null
8508,snowk,null
8509,snows,null
8510,snubs,null
8511,snugs,null
8512,snush,null
8513,snyes,null
8514,soaks,null
8515,soaps,null
8516,soare,null
8517,soars,null
8518,soave,null
8519,sobas,null
8520,socas,null
8521,soces,null
8522,socko,null
8523,socks,null
8524,socle,null
8525,sodas,null
8526,soddy,null
8527,sodic,null
8528,sodom,null
8529,sofar,null
8530,sofas,null
8531,softa,null
8532,softs,null
8533,softy,null
8534,soger,null
8535,sohur,null
8536,soils,null
8537,soily,null
8538,sojas,null
8539,sojus,null
8540,sokah,null
8541,soken,null
8542,sokes,null
8543,sokol,null
8544,solah,null
8545,solan,null
8546,solas,null
8547,solde,null
8548,soldi,null
8549,soldo,null
8550,solds,null
8551,soled,null
8552,solei,null
8553,soler,null
8554,soles,null
8555,solon,null
8556,solos,null
8557,solum,null
8558,solus,null
8559,soman,null
8560,somas,null
8561,sonce,null
8562,sonde,null
8563,sones,null
8564,songs,null
8565,sonly,null
8566,sonne,null
8567,sonny,null
8568,sonse,null
8569,sonsy,null
8570,sooey,null
8571,sooks,null
8572,sooky,null
8573,soole,null
8574,sools,null
8575,sooms,null
8576,soops,null
8577,soote,null
8578,soots,null
8579,sophs,null
8580,sophy,null
8581,sopor,null
8582,soppy,null
8583,sopra,null
8584,soral,null
8585,soras,null
8586,sorbo,null
8587,sorbs,null
8588,sorda,null
8589,sordo,null
8590,sords,null
8591,sored,null
8592,soree,null
8593,sorel,null
8594,sorer,null
8595,sores,null
8596,sorex,null
8597,sorgo,null
8598,sorns,null
8599,sorra,null
8600,sorta,null
8601,sorts,null
8602,sorus,null
8603,soths,null
8604,sotol,null
8605,souce,null
8606,souct,null
8607,sough,null
8608,souks,null
8609,souls,null
8610,soums,null
8611,soups,null
8612,soupy,null
8613,sours,null
8614,souse,null
8615,souts,null
8616,sowar,null
8617,sowce,null
8618,sowed,null
8619,sowff,null
8620,sowfs,null
8621,sowle,null
8622,sowls,null
8623,sowms,null
8624,sownd,null
8625,sowne,null
8626,sowps,null
8627,sowse,null
8628,sowth,null
8629,soyas,null
8630,soyle,null
8631,soyuz,null
8632,sozin,null
8633,spacy,null
8634,spado,null
8635,spaed,null
8636,spaer,null
8637,spaes,null
8638,spags,null
8639,spahi,null
8640,spail,null
8641,spain,null
8642,spait,null
8643,spake,null
8644,spald,null
8645,spale,null
8646,spall,null
8647,spalt,null
8648,spams,null
8649,spane,null
8650,spang,null
8651,spans,null
8652,spard,null
8653,spars,null
8654,spart,null
8655,spate,null
8656,spats,null
8657,spaul,null
8658,spawl,null
8659,spaws,null
8660,spayd,null
8661,spays,null
8662,spaza,null
8663,spazz,null
8664,speal,null
8665,spean,null
8666,speat,null
8667,specs,null
8668,spect,null
8669,speel,null
8670,speer,null
8671,speil,null
8672,speir,null
8673,speks,null
8674,speld,null
8675,spelk,null
8676,speos,null
8677,spets,null
8678,speug,null
8679,spews,null
8680,spewy,null
8681,spial,null
8682,spica,null
8683,spide,null
8684,spier,null
8685,spies,null
8686,spiff,null
8687,spifs,null
8688,spile,null
8689,spims,null
8690,spina,null
8691,spink,null
8692,spins,null
8693,spirt,null
8694,spiry,null
8695,spits,null
8696,spitz,null
8697,spivs,null
8698,splay,null
8699,splog,null
8700,spode,null
8701,spods,null
8702,spoom,null
8703,spoor,null
8704,spoot,null
8705,spork,null
8706,sposh,null
8707,spots,null
8708,sprad,null
8709,sprag,null
8710,sprat,null
8711,spred,null
8712,sprew,null
8713,sprit,null
8714,sprod,null
8715,sprog,null
8716,sprue,null
8717,sprug,null
8718,spuds,null
8719,spued,null
8720,spuer,null
8721,spues,null
8722,spugs,null
8723,spule,null
8724,spume,null
8725,spumy,null
8726,spurs,null
8727,sputa,null
8728,spyal,null
8729,spyre,null
8730,squab,null
8731,squaw,null
8732,squeg,null
8733,squid,null
8734,squit,null
8735,squiz,null
8736,stabs,null
8737,stade,null
8738,stags,null
8739,stagy,null
8740,staig,null
8741,stane,null
8742,stang,null
8743,staph,null
8744,staps,null
8745,starn,null
8746,starr,null
8747,stars,null
8748,stats,null
8749,staun,null
8750,staws,null
8751,stays,null
8752,stean,null
8753,stear,null
8754,stedd,null
8755,stede,null
8756,steds,null
8757,steek,null
8758,steem,null
8759,steen,null
8760,steil,null
8761,stela,null
8762,stele,null
8763,stell,null
8764,steme,null
8765,stems,null
8766,stend,null
8767,steno,null
8768,stens,null
8769,stent,null
8770,steps,null
8771,stept,null
8772,stere,null
8773,stets,null
8774,stews,null
8775,stewy,null
8776,steys,null
8777,stich,null
8778,stied,null
8779,sties,null
8780,stilb,null
8781,stile,null
8782,stime,null
8783,stims,null
8784,stimy,null
8785,stipa,null
8786,stipe,null
8787,stire,null
8788,stirk,null
8789,stirp,null
8790,stirs,null
8791,stive,null
8792,stivy,null
8793,stoae,null
8794,stoai,null
8795,stoas,null
8796,stoat,null
8797,stobs,null
8798,stoep,null
8799,stogy,null
8800,stoit,null
8801,stoln,null
8802,stoma,null
8803,stond,null
8804,stong,null
8805,stonk,null
8806,stonn,null
8807,stook,null
8808,stoor,null
8809,stope,null
8810,stops,null
8811,stopt,null
8812,stoss,null
8813,stots,null
8814,stott,null
8815,stoun,null
8816,stoup,null
8817,stour,null
8818,stown,null
8819,stowp,null
8820,stows,null
8821,strad,null
8822,strae,null
8823,strag,null
8824,strak,null
8825,strep,null
8826,strew,null
8827,stria,null
8828,strig,null
8829,strim,null
8830,strop,null
8831,strow,null
8832,stroy,null
8833,strum,null
8834,stubs,null
8835,stude,null
8836,studs,null
8837,stull,null
8838,stulm,null
8839,stumm,null
8840,stums,null
8841,stuns,null
8842,stupa,null
8843,stupe,null
8844,sture,null
8845,sturt,null
8846,styed,null
8847,styes,null
8848,styli,null
8849,stylo,null
8850,styme,null
8851,stymy,null
8852,styre,null
8853,styte,null
8854,subah,null
8855,subas,null
8856,subby,null
8857,suber,null
8858,subha,null
8859,succi,null
8860,sucks,null
8861,sucky,null
8862,sucre,null
8863,sudds,null
8864,sudor,null
8865,sudsy,null
8866,suede,null
8867,suent,null
8868,suers,null
8869,suete,null
8870,suets,null
8871,suety,null
8872,sugan,null
8873,sughs,null
8874,sugos,null
8875,suhur,null
8876,suids,null
8877,suint,null
8878,suits,null
8879,sujee,null
8880,sukhs,null
8881,sukuk,null
8882,sulci,null
8883,sulfa,null
8884,sulfo,null
8885,sulks,null
8886,sulph,null
8887,sulus,null
8888,sumis,null
8889,summa,null
8890,sumos,null
8891,sumph,null
8892,sumps,null
8893,sunis,null
8894,sunks,null
8895,sunna,null
8896,sunns,null
8897,sunup,null
8898,supes,null
8899,supra,null
8900,surah,null
8901,sural,null
8902,suras,null
8903,surat,null
8904,surds,null
8905,sured,null
8906,sures,null
8907,surfs,null
8908,surfy,null
8909,surgy,null
8910,surra,null
8911,sused,null
8912,suses,null
8913,susus,null
8914,sutor,null
8915,sutra,null
8916,sutta,null
8917,swabs,null
8918,swack,null
8919,swads,null
8920,swage,null
8921,swags,null
8922,swail,null
8923,swain,null
8924,swale,null
8925,swaly,null
8926,swamy,null
8927,swang,null
8928,swank,null
8929,swans,null
8930,swaps,null
8931,swapt,null
8932,sward,null
8933,sware,null
8934,swarf,null
8935,swart,null
8936,swats,null
8937,swayl,null
8938,sways,null
8939,sweal,null
8940,swede,null
8941,sweed,null
8942,sweel,null
8943,sweer,null
8944,swees,null
8945,sweir,null
8946,swelt,null
8947,swerf,null
8948,sweys,null
8949,swies,null
8950,swigs,null
8951,swile,null
8952,swims,null
8953,swink,null
8954,swipe,null
8955,swire,null
8956,swiss,null
8957,swith,null
8958,swits,null
8959,swive,null
8960,swizz,null
8961,swobs,null
8962,swole,null
8963,swoln,null
8964,swops,null
8965,swopt,null
8966,swots,null
8967,swoun,null
8968,sybbe,null
8969,sybil,null
8970,syboe,null
8971,sybow,null
8972,sycee,null
8973,syces,null
8974,sycon,null
8975,syens,null
8976,syker,null
8977,sykes,null
8978,sylis,null
8979,sylph,null
8980,sylva,null
8981,symar,null
8982,synch,null
8983,syncs,null
8984,synds,null
8985,syned,null
8986,synes,null
8987,synth,null
8988,syped,null
8989,sypes,null
8990,syphs,null
8991,syrah,null
8992,syren,null
8993,sysop,null
8994,sythe,null
8995,syver,null
8996,taals,null
8997,taata,null
8998,taber,null
8999,tabes,null
9000,tabid,null
9001,tabis,null
9002,tabla,null
9003,tabor,null
9004,tabun,null
9005,tabus,null
9006,tacan,null
9007,taces,null
9008,tacet,null
9009,tache,null
9010,tacho,null
9011,tachs,null
9012,tacks,null
9013,tacos,null
9014,tacts,null
9015,taels,null
9016,tafia,null
9017,taggy,null
9018,tagma,null
9019,tahas,null
9020,tahrs,null
9021,taiga,null
9022,taigs,null
9023,taiko,null
9024,tails,null
9025,tains,null
9026,taira,null
9027,taish,null
9028,taits,null
9029,tajes,null
9030,takas,null
9031,takes,null
9032,takhi,null
9033,takin,null
9034,takis,null
9035,takky,null
9036,talak,null
9037,talaq,null
9038,talar,null
9039,talas,null
9040,talcs,null
9041,talcy,null
9042,talea,null
9043,taler,null
9044,tales,null
9045,talks,null
9046,talky,null
9047,talls,null
9048,talma,null
9049,talpa,null
9050,taluk,null
9051,talus,null
9052,tamal,null
9053,tamed,null
9054,tames,null
9055,tamin,null
9056,tamis,null
9057,tammy,null
9058,tamps,null
9059,tanas,null
9060,tanga,null
9061,tangi,null
9062,tangs,null
9063,tanhs,null
9064,tanka,null
9065,tanks,null
9066,tanky,null
9067,tanna,null
9068,tansy,null
9069,tanti,null
9070,tanto,null
9071,tanty,null
9072,tapas,null
9073,taped,null
9074,tapen,null
9075,tapes,null
9076,tapet,null
9077,tapis,null
9078,tappa,null
9079,tapus,null
9080,taras,null
9081,tardo,null
9082,tared,null
9083,tares,null
9084,targa,null
9085,targe,null
9086,tarns,null
9087,taroc,null
9088,tarok,null
9089,taros,null
9090,tarps,null
9091,tarre,null
9092,tarry,null
9093,tarsi,null
9094,tarts,null
9095,tarty,null
9096,tasar,null
9097,tased,null
9098,taser,null
9099,tases,null
9100,tasks,null
9101,tassa,null
9102,tasse,null
9103,tasso,null
9104,tatar,null
9105,tater,null
9106,tates,null
9107,taths,null
9108,tatie,null
9109,tatou,null
9110,tatts,null
9111,tatus,null
9112,taube,null
9113,tauld,null
9114,tauon,null
9115,taupe,null
9116,tauts,null
9117,tavah,null
9118,tavas,null
9119,taver,null
9120,tawai,null
9121,tawas,null
9122,tawed,null
9123,tawer,null
9124,tawie,null
9125,tawse,null
9126,tawts,null
9127,taxed,null
9128,taxer,null
9129,taxes,null
9130,taxis,null
9131,taxol,null
9132,taxon,null
9133,taxor,null
9134,taxus,null
9135,tayra,null
9136,tazza,null
9137,tazze,null
9138,teade,null
9139,teads,null
9140,teaed,null
9141,teaks,null
9142,teals,null
9143,teams,null
9144,tears,null
9145,teats,null
9146,teaze,null
9147,techs,null
9148,techy,null
9149,tecta,null
9150,teels,null
9151,teems,null
9152,teend,null
9153,teene,null
9154,teens,null
9155,teeny,null
9156,teers,null
9157,teffs,null
9158,teggs,null
9159,tegua,null
9160,tegus,null
9161,tehrs,null
9162,teiid,null
9163,teils,null
9164,teind,null
9165,teins,null
9166,telae,null
9167,telco,null
9168,teles,null
9169,telex,null
9170,telia,null
9171,telic,null
9172,tells,null
9173,telly,null
9174,teloi,null
9175,telos,null
9176,temed,null
9177,temes,null
9178,tempi,null
9179,temps,null
9180,tempt,null
9181,temse,null
9182,tench,null
9183,tends,null
9184,tendu,null
9185,tenes,null
9186,tenge,null
9187,tenia,null
9188,tenne,null
9189,tenno,null
9190,tenny,null
9191,tenon,null
9192,tents,null
9193,tenty,null
9194,tenue,null
9195,tepal,null
9196,tepas,null
9197,tepoy,null
9198,terai,null
9199,teras,null
9200,terce,null
9201,terek,null
9202,teres,null
9203,terfe,null
9204,terfs,null
9205,terga,null
9206,terms,null
9207,terne,null
9208,terns,null
9209,terry,null
9210,terts,null
9211,tesla,null
9212,testa,null
9213,teste,null
9214,tests,null
9215,tetes,null
9216,teths,null
9217,tetra,null
9218,tetri,null
9219,teuch,null
9220,teugh,null
9221,tewed,null
9222,tewel,null
9223,tewit,null
9224,texas,null
9225,texes,null
9226,texts,null
9227,thack,null
9228,thagi,null
9229,thaim,null
9230,thale,null
9231,thali,null
9232,thana,null
9233,thane,null
9234,thang,null
9235,thans,null
9236,thanx,null
9237,tharm,null
9238,thars,null
9239,thaws,null
9240,thawy,null
9241,thebe,null
9242,theca,null
9243,theed,null
9244,theek,null
9245,thees,null
9246,thegn,null
9247,theic,null
9248,thein,null
9249,thelf,null
9250,thema,null
9251,thens,null
9252,theow,null
9253,therm,null
9254,thesp,null
9255,thete,null
9256,thews,null
9257,thewy,null
9258,thigs,null
9259,thilk,null
9260,thill,null
9261,thine,null
9262,thins,null
9263,thiol,null
9264,thirl,null
9265,thoft,null
9266,thole,null
9267,tholi,null
9268,thoro,null
9269,thorp,null
9270,thous,null
9271,thowl,null
9272,thrae,null
9273,thraw,null
9274,thrid,null
9275,thrip,null
9276,throe,null
9277,thuds,null
9278,thugs,null
9279,thuja,null
9280,thunk,null
9281,thurl,null
9282,thuya,null
9283,thymi,null
9284,thymy,null
9285,tians,null
9286,tiars,null
9287,tical,null
9288,ticca,null
9289,ticed,null
9290,tices,null
9291,tichy,null
9292,ticks,null
9293,ticky,null
9294,tiddy,null
9295,tided,null
9296,tides,null
9297,tiers,null
9298,tiffs,null
9299,tifos,null
9300,tifts,null
9301,tiges,null
9302,tigon,null
9303,tikas,null
9304,tikes,null
9305,tikis,null
9306,tikka,null
9307,tilak,null
9308,tiled,null
9309,tiler,null
9310,tiles,null
9311,tills,null
9312,tilly,null
9313,tilth,null
9314,tilts,null
9315,timbo,null
9316,timed,null
9317,times,null
9318,timon,null
9319,timps,null
9320,tinas,null
9321,tinct,null
9322,tinds,null
9323,tinea,null
9324,tined,null
9325,tines,null
9326,tinge,null
9327,tings,null
9328,tinks,null
9329,tinny,null
9330,tints,null
9331,tinty,null
9332,tipis,null
9333,tippy,null
9334,tired,null
9335,tires,null
9336,tirls,null
9337,tiros,null
9338,tirrs,null
9339,titch,null
9340,titer,null
9341,titis,null
9342,titre,null
9343,titty,null
9344,titup,null
9345,tiyin,null
9346,tiyns,null
9347,tizes,null
9348,tizzy,null
9349,toads,null
9350,toady,null
9351,toaze,null
9352,tocks,null
9353,tocky,null
9354,tocos,null
9355,todde,null
9356,toeas,null
9357,toffs,null
9358,toffy,null
9359,tofts,null
9360,tofus,null
9361,togae,null
9362,togas,null
9363,toged,null
9364,toges,null
9365,togue,null
9366,tohos,null
9367,toile,null
9368,toils,null
9369,toing,null
9370,toise,null
9371,toits,null
9372,tokay,null
9373,toked,null
9374,toker,null
9375,tokes,null
9376,tokos,null
9377,tolan,null
9378,tolar,null
9379,tolas,null
9380,toled,null
9381,toles,null
9382,tolls,null
9383,tolly,null
9384,tolts,null
9385,tolus,null
9386,tolyl,null
9387,toman,null
9388,tombs,null
9389,tomes,null
9390,tomia,null
9391,tommy,null
9392,tomos,null
9393,tondi,null
9394,tondo,null
9395,toned,null
9396,toner,null
9397,tones,null
9398,toney,null
9399,tongs,null
9400,tonka,null
9401,tonks,null
9402,tonne,null
9403,tonus,null
9404,tools,null
9405,tooms,null
9406,toons,null
9407,toots,null
9408,toped,null
9409,topee,null
9410,topek,null
9411,toper,null
9412,topes,null
9413,tophe,null
9414,tophi,null
9415,tophs,null
9416,topis,null
9417,topoi,null
9418,topos,null
9419,toppy,null
9420,toque,null
9421,torah,null
9422,toran,null
9423,toras,null
9424,torcs,null
9425,tores,null
9426,toric,null
9427,torii,null
9428,toros,null
9429,torot,null
9430,torrs,null
9431,torse,null
9432,torsi,null
9433,torsk,null
9434,torta,null
9435,torte,null
9436,torts,null
9437,tosas,null
9438,tosed,null
9439,toses,null
9440,toshy,null
9441,tossy,null
9442,toted,null
9443,toter,null
9444,totes,null
9445,totty,null
9446,touks,null
9447,touns,null
9448,tours,null
9449,touse,null
9450,tousy,null
9451,touts,null
9452,touze,null
9453,touzy,null
9454,towed,null
9455,towie,null
9456,towns,null
9457,towny,null
9458,towse,null
9459,towsy,null
9460,towts,null
9461,towze,null
9462,towzy,null
9463,toyed,null
9464,toyer,null
9465,toyon,null
9466,toyos,null
9467,tozed,null
9468,tozes,null
9469,tozie,null
9470,trabs,null
9471,trads,null
9472,tragi,null
9473,traik,null
9474,trams,null
9475,trank,null
9476,tranq,null
9477,trans,null
9478,trant,null
9479,trape,null
9480,traps,null
9481,trapt,null
9482,trass,null
9483,trats,null
9484,tratt,null
9485,trave,null
9486,trayf,null
9487,trays,null
9488,treck,null
9489,treed,null
9490,treen,null
9491,trees,null
9492,trefa,null
9493,treif,null
9494,treks,null
9495,trema,null
9496,trems,null
9497,tress,null
9498,trest,null
9499,trets,null
9500,trews,null
9501,treyf,null
9502,treys,null
9503,triac,null
9504,tride,null
9505,trier,null
9506,tries,null
9507,triff,null
9508,trigo,null
9509,trigs,null
9510,trike,null
9511,trild,null
9512,trill,null
9513,trims,null
9514,trine,null
9515,trins,null
9516,triol,null
9517,trior,null
9518,trios,null
9519,trips,null
9520,tripy,null
9521,trist,null
9522,troad,null
9523,troak,null
9524,troat,null
9525,trock,null
9526,trode,null
9527,trods,null
9528,trogs,null
9529,trois,null
9530,troke,null
9531,tromp,null
9532,trona,null
9533,tronc,null
9534,trone,null
9535,tronk,null
9536,trons,null
9537,trooz,null
9538,troth,null
9539,trots,null
9540,trows,null
9541,troys,null
9542,trued,null
9543,trues,null
9544,trugo,null
9545,trugs,null
9546,trull,null
9547,tryer,null
9548,tryke,null
9549,tryma,null
9550,tryps,null
9551,tsade,null
9552,tsadi,null
9553,tsars,null
9554,tsked,null
9555,tsuba,null
9556,tsubo,null
9557,tuans,null
9558,tuart,null
9559,tuath,null
9560,tubae,null
9561,tubar,null
9562,tubas,null
9563,tubby,null
9564,tubed,null
9565,tubes,null
9566,tucks,null
9567,tufas,null
9568,tuffe,null
9569,tuffs,null
9570,tufts,null
9571,tufty,null
9572,tugra,null
9573,tuile,null
9574,tuina,null
9575,tuism,null
9576,tuktu,null
9577,tules,null
9578,tulpa,null
9579,tulsi,null
9580,tumid,null
9581,tummy,null
9582,tumps,null
9583,tumpy,null
9584,tunas,null
9585,tunds,null
9586,tuned,null
9587,tuner,null
9588,tunes,null
9589,tungs,null
9590,tunny,null
9591,tupek,null
9592,tupik,null
9593,tuple,null
9594,tuque,null
9595,turds,null
9596,turfs,null
9597,turfy,null
9598,turks,null
9599,turme,null
9600,turms,null
9601,turns,null
9602,turnt,null
9603,turps,null
9604,turrs,null
9605,tushy,null
9606,tusks,null
9607,tusky,null
9608,tutee,null
9609,tutti,null
9610,tutty,null
9611,tutus,null
9612,tuxes,null
9613,tuyer,null
9614,twaes,null
9615,twain,null
9616,twals,null
9617,twank,null
9618,twats,null
9619,tways,null
9620,tweel,null
9621,tween,null
9622,tweep,null
9623,tweer,null
9624,twerk,null
9625,twerp,null
9626,twier,null
9627,twigs,null
9628,twill,null
9629,twilt,null
9630,twink,null
9631,twins,null
9632,twiny,null
9633,twire,null
9634,twirp,null
9635,twite,null
9636,twits,null
9637,twoer,null
9638,twyer,null
9639,tyees,null
9640,tyers,null
9641,tyiyn,null
9642,tykes,null
9643,tyler,null
9644,tymps,null
9645,tynde,null
9646,tyned,null
9647,tynes,null
9648,typal,null
9649,typed,null
9650,types,null
9651,typey,null
9652,typic,null
9653,typos,null
9654,typps,null
9655,typto,null
9656,tyran,null
9657,tyred,null
9658,tyres,null
9659,tyros,null
9660,tythe,null
9661,tzars,null
9662,udals,null
9663,udons,null
9664,ugali,null
9665,ugged,null
9666,uhlan,null
9667,uhuru,null
9668,ukase,null
9669,ulama,null
9670,ulans,null
9671,ulema,null
9672,ulmin,null
9673,ulnad,null
9674,ulnae,null
9675,ulnar,null
9676,ulnas,null
9677,ulpan,null
9678,ulvas,null
9679,ulyie,null
9680,ulzie,null
9681,umami,null
9682,umbel,null
9683,umber,null
9684,umble,null
9685,umbos,null
9686,umbre,null
9687,umiac,null
9688,umiak,null
9689,umiaq,null
9690,ummah,null
9691,ummas,null
9692,ummed,null
9693,umped,null
9694,umphs,null
9695,umpie,null
9696,umpty,null
9697,umrah,null
9698,umras,null
9699,unais,null
9700,unapt,null
9701,unarm,null
9702,unary,null
9703,unaus,null
9704,unbag,null
9705,unban,null
9706,unbar,null
9707,unbed,null
9708,unbid,null
9709,unbox,null
9710,uncap,null
9711,unces,null
9712,uncia,null
9713,uncos,null
9714,uncoy,null
9715,uncus,null
9716,undam,null
9717,undee,null
9718,undos,null
9719,undug,null
9720,uneth,null
9721,unfix,null
9722,ungag,null
9723,unget,null
9724,ungod,null
9725,ungot,null
9726,ungum,null
9727,unhat,null
9728,unhip,null
9729,unica,null
9730,units,null
9731,unjam,null
9732,unked,null
9733,unket,null
9734,unkid,null
9735,unlaw,null
9736,unlay,null
9737,unled,null
9738,unlet,null
9739,unlid,null
9740,unman,null
9741,unmew,null
9742,unmix,null
9743,unpay,null
9744,unpeg,null
9745,unpen,null
9746,unpin,null
9747,unred,null
9748,unrid,null
9749,unrig,null
9750,unrip,null
9751,unsaw,null
9752,unsay,null
9753,unsee,null
9754,unsew,null
9755,unsex,null
9756,unsod,null
9757,untax,null
9758,untin,null
9759,unwet,null
9760,unwit,null
9761,unwon,null
9762,upbow,null
9763,upbye,null
9764,updos,null
9765,updry,null
9766,upend,null
9767,upjet,null
9768,uplay,null
9769,upled,null
9770,uplit,null
9771,upped,null
9772,upran,null
9773,uprun,null
9774,upsee,null
9775,upsey,null
9776,uptak,null
9777,upter,null
9778,uptie,null
9779,uraei,null
9780,urali,null
9781,uraos,null
9782,urare,null
9783,urari,null
9784,urase,null
9785,urate,null
9786,urbex,null
9787,urbia,null
9788,urdee,null
9789,ureal,null
9790,ureas,null
9791,uredo,null
9792,ureic,null
9793,urena,null
9794,urent,null
9795,urged,null
9796,urger,null
9797,urges,null
9798,urial,null
9799,urite,null
9800,urman,null
9801,urnal,null
9802,urned,null
9803,urped,null
9804,ursae,null
9805,ursid,null
9806,urson,null
9807,urubu,null
9808,urvas,null
9809,users,null
9810,usnea,null
9811,usque,null
9812,usure,null
9813,usury,null
9814,uteri,null
9815,uveal,null
9816,uveas,null
9817,uvula,null
9818,vacua,null
9819,vaded,null
9820,vades,null
9821,vagal,null
9822,vagus,null
9823,vails,null
9824,vaire,null
9825,vairs,null
9826,vairy,null
9827,vakas,null
9828,vakil,null
9829,vales,null
9830,valis,null
9831,valse,null
9832,vamps,null
9833,vampy,null
9834,vanda,null
9835,vaned,null
9836,vanes,null
9837,vangs,null
9838,vants,null
9839,vaped,null
9840,vaper,null
9841,vapes,null
9842,varan,null
9843,varas,null
9844,vardy,null
9845,varec,null
9846,vares,null
9847,varia,null
9848,varix,null
9849,varna,null
9850,varus,null
9851,varve,null
9852,vasal,null
9853,vases,null
9854,vasts,null
9855,vasty,null
9856,vatic,null
9857,vatus,null
9858,vauch,null
9859,vaute,null
9860,vauts,null
9861,vawte,null
9862,vaxes,null
9863,veale,null
9864,veals,null
9865,vealy,null
9866,veena,null
9867,veeps,null
9868,veers,null
9869,veery,null
9870,vegas,null
9871,veges,null
9872,vegie,null
9873,vegos,null
9874,vehme,null
9875,veils,null
9876,veily,null
9877,veins,null
9878,veiny,null
9879,velar,null
9880,velds,null
9881,veldt,null
9882,veles,null
9883,vells,null
9884,velum,null
9885,venae,null
9886,venal,null
9887,vends,null
9888,vendu,null
9889,veney,null
9890,venge,null
9891,venin,null
9892,vents,null
9893,venus,null
9894,verbs,null
9895,verra,null
9896,verry,null
9897,verst,null
9898,verts,null
9899,vertu,null
9900,vespa,null
9901,vesta,null
9902,vests,null
9903,vetch,null
9904,vexed,null
9905,vexer,null
9906,vexes,null
9907,vexil,null
9908,vezir,null
9909,vials,null
9910,viand,null
9911,vibes,null
9912,vibex,null
9913,vibey,null
9914,viced,null
9915,vices,null
9916,vichy,null
9917,viers,null
9918,views,null
9919,viewy,null
9920,vifda,null
9921,viffs,null
9922,vigas,null
9923,vigia,null
9924,vilde,null
9925,viler,null
9926,villi,null
9927,vills,null
9928,vimen,null
9929,vinal,null
9930,vinas,null
9931,vinca,null
9932,vined,null
9933,viner,null
9934,vines,null
9935,vinew,null
9936,vinic,null
9937,vinos,null
9938,vints,null
9939,viold,null
9940,viols,null
9941,vired,null
9942,vireo,null
9943,vires,null
9944,virga,null
9945,virge,null
9946,virid,null
9947,virls,null
9948,virtu,null
9949,visas,null
9950,vised,null
9951,vises,null
9952,visie,null
9953,visne,null
9954,vison,null
9955,visto,null
9956,vitae,null
9957,vitas,null
9958,vitex,null
9959,vitro,null
9960,vitta,null
9961,vivas,null
9962,vivat,null
9963,vivda,null
9964,viver,null
9965,vives,null
9966,vizir,null
9967,vizor,null
9968,vleis,null
9969,vlies,null
9970,vlogs,null
9971,voars,null
9972,vocab,null
9973,voces,null
9974,voddy,null
9975,vodou,null
9976,vodun,null
9977,voema,null
9978,vogie,null
9979,voids,null
9980,voile,null
9981,voips,null
9982,volae,null
9983,volar,null
9984,voled,null
9985,voles,null
9986,volet,null
9987,volks,null
9988,volta,null
9989,volte,null
9990,volti,null
9991,volts,null
9992,volva,null
9993,volve,null
9994,vomer,null
9995,voted,null
9996,votes,null
9997,vouge,null
9998,voulu,null
9999,vowed,null
10000,vower,null
10001,voxel,null
10002,vozhd,null
10003,vraic,null
10004,vrils,null
10005,vroom,null
10006,vrous,null
10007,vrouw,null
10008,vrows,null
10009,vuggs,null
10010,vuggy,null
10011,vughs,null
10012,vughy,null
10013,vulgo,null
10014,vulns,null
10015,vulva,null
10016,vutty,null
10017,waacs,null
10018,wacke,null
10019,wacko,null
10020,wacks,null
10021,wadds,null
10022,waddy,null
10023,waded,null
10024,wader,null
10025,wades,null
10026,wadge,null
10027,wadis,null
10028,wadts,null
10029,waffs,null
10030,wafts,null
10031,waged,null
10032,wages,null
10033,wagga,null
10034,wagyu,null
10035,wahoo,null
10036,waide,null
10037,waifs,null
10038,waift,null
10039,wails,null
10040,wains,null
10041,wairs,null
10042,waite,null
10043,waits,null
10044,wakas,null
10045,waked,null
10046,waken,null
10047,waker,null
10048,wakes,null
10049,wakfs,null
10050,waldo,null
10051,walds,null
10052,waled,null
10053,waler,null
10054,wales,null
10055,walie,null
10056,walis,null
10057,walks,null
10058,walla,null
10059,walls,null
10060,wally,null
10061,walty,null
10062,wamed,null
10063,wames,null
10064,wamus,null
10065,wands,null
10066,waned,null
10067,wanes,null
10068,waney,null
10069,wangs,null
10070,wanks,null
10071,wanky,null
10072,wanle,null
10073,wanly,null
10074,wanna,null
10075,wants,null
10076,wanty,null
10077,wanze,null
10078,waqfs,null
10079,warbs,null
10080,warby,null
10081,wards,null
10082,wared,null
10083,wares,null
10084,warez,null
10085,warks,null
10086,warms,null
10087,warns,null
10088,warps,null
10089,warre,null
10090,warst,null
10091,warts,null
10092,wases,null
10093,washy,null
10094,wasms,null
10095,wasps,null
10096,waspy,null
10097,wasts,null
10098,watap,null
10099,watts,null
10100,wauff,null
10101,waugh,null
10102,wauks,null
10103,waulk,null
10104,wauls,null
10105,waurs,null
10106,waved,null
10107,waves,null
10108,wavey,null
10109,wawas,null
10110,wawes,null
10111,wawls,null
10112,waxed,null
10113,waxer,null
10114,waxes,null
10115,wayed,null
10116,wazir,null
10117,wazoo,null
10118,weald,null
10119,weals,null
10120,weamb,null
10121,weans,null
10122,wears,null
10123,webby,null
10124,weber,null
10125,wecht,null
10126,wedel,null
10127,wedgy,null
10128,weeds,null
10129,weeke,null
10130,weeks,null
10131,weels,null
10132,weems,null
10133,weens,null
10134,weeny,null
10135,weeps,null
10136,weepy,null
10137,weest,null
10138,weete,null
10139,weets,null
10140,wefte,null
10141,wefts,null
10142,weids,null
10143,weils,null
10144,weirs,null
10145,weise,null
10146,weize,null
10147,wekas,null
10148,welds,null
10149,welke,null
10150,welks,null
10151,welkt,null
10152,wells,null
10153,welly,null
10154,welts,null
10155,wembs,null
10156,wends,null
10157,wenge,null
10158,wenny,null
10159,wents,null
10160,weros,null
10161,wersh,null
10162,wests,null
10163,wetas,null
10164,wetly,null
10165,wexed,null
10166,wexes,null
10167,whamo,null
10168,whams,null
10169,whang,null
10170,whaps,null
10171,whare,null
10172,whata,null
10173,whats,null
10174,whaup,null
10175,whaur,null
10176,wheal,null
10177,whear,null
10178,wheen,null
10179,wheep,null
10180,wheft,null
10181,whelk,null
10182,whelm,null
10183,whens,null
10184,whets,null
10185,whews,null
10186,wheys,null
10187,whids,null
10188,whift,null
10189,whigs,null
10190,whilk,null
10191,whims,null
10192,whins,null
10193,whios,null
10194,whips,null
10195,whipt,null
10196,whirr,null
10197,whirs,null
10198,whish,null
10199,whiss,null
10200,whist,null
10201,whits,null
10202,whity,null
10203,whizz,null
10204,whomp,null
10205,whoof,null
10206,whoot,null
10207,whops,null
10208,whorl,null
10209,whort,null
10210,whoso,null
10211,whows,null
10212,whump,null
10213,whups,null
10214,whyda,null
10215,wicca,null
10216,wicks,null
10217,wicky,null
10218,widdy,null
10219,wides,null
10220,wiels,null
10221,wifed,null
10222,wifes,null
10223,wifey,null
10224,wifie,null
10225,wifty,null
10226,wigan,null
10227,wigga,null
10228,wiggy,null
10229,wikis,null
10230,wilco,null
10231,wilds,null
10232,wiled,null
10233,wiles,null
10234,wilga,null
10235,wilis,null
10236,wilja,null
10237,wills,null
10238,wilts,null
10239,wimps,null
10240,winds,null
10241,wined,null
10242,wines,null
10243,winey,null
10244,winge,null
10245,wings,null
10246,wingy,null
10247,winks,null
10248,winna,null
10249,winns,null
10250,winos,null
10251,winze,null
10252,wiped,null
10253,wiper,null
10254,wipes,null
10255,wired,null
10256,wirer,null
10257,wires,null
10258,wirra,null
10259,wised,null
10260,wises,null
10261,wisha,null
10262,wisht,null
10263,wisps,null
10264,wists,null
10265,witan,null
10266,wited,null
10267,wites,null
10268,withe,null
10269,withs,null
10270,withy,null
10271,wived,null
10272,wiver,null
10273,wives,null
10274,wizen,null
10275,wizes,null
10276,woads,null
10277,woald,null
10278,wocks,null
10279,wodge,null
10280,woful,null
10281,wojus,null
10282,woker,null
10283,wokka,null
10284,wolds,null
10285,wolfs,null
10286,wolly,null
10287,wolve,null
10288,wombs,null
10289,womby,null
10290,womyn,null
10291,wonga,null
10292,wongi,null
10293,wonks,null
10294,wonky,null
10295,wonts,null
10296,woods,null
10297,wooed,null
10298,woofs,null
10299,woofy,null
10300,woold,null
10301,wools,null
10302,woons,null
10303,woops,null
10304,woopy,null
10305,woose,null
10306,woosh,null
10307,wootz,null
10308,words,null
10309,works,null
10310,worms,null
10311,wormy,null
10312,worts,null
10313,wowed,null
10314,wowee,null
10315,woxen,null
10316,wrang,null
10317,wraps,null
10318,wrapt,null
10319,wrast,null
10320,wrate,null
10321,wrawl,null
10322,wrens,null
10323,wrick,null
10324,wried,null
10325,wrier,null
10326,wries,null
10327,writs,null
10328,wroke,null
10329,wroot,null
10330,wroth,null
10331,wryer,null
10332,wuddy,null
10333,wudus,null
10334,wulls,null
10335,wurst,null
10336,wuses,null
10337,wushu,null
10338,wussy,null
10339,wuxia,null
10340,wyled,null
10341,wyles,null
10342,wynds,null
10343,wynns,null
10344,wyted,null
10345,wytes,null
10346,xebec,null
10347,xenia,null
10348,xenic,null
10349,xenon,null
10350,xeric,null
10351,xerox,null
10352,xerus,null
10353,xoana,null
10354,xrays,null
10355,xylan,null
10356,xylem,null
10357,xylic,null
10358,xylol,null
10359,xylyl,null
10360,xysti,null
10361,xysts,null
10362,yaars,null
10363,yabas,null
10364,yabba,null
10365,yabby,null
10366,yacca,null
10367,yacka,null
10368,yacks,null
10369,yaffs,null
10370,yager,null
10371,yages,null
10372,yagis,null
10373,yahoo,null
10374,yaird,null
10375,yakka,null
10376,yakow,null
10377,yales,null
10378,yamen,null
10379,yampy,null
10380,yamun,null
10381,yangs,null
10382,yanks,null
10383,yapok,null
10384,yapon,null
10385,yapps,null
10386,yappy,null
10387,yarak,null
10388,yarco,null
10389,yards,null
10390,yarer,null
10391,yarfa,null
10392,yarks,null
10393,yarns,null
10394,yarrs,null
10395,yarta,null
10396,yarto,null
10397,yates,null
10398,yauds,null
10399,yauld,null
10400,yaups,null
10401,yawed,null
10402,yawey,null
10403,yawls,null
10404,yawns,null
10405,yawny,null
10406,yawps,null
10407,ybore,null
10408,yclad,null
10409,ycled,null
10410,ycond,null
10411,ydrad,null
10412,ydred,null
10413,yeads,null
10414,yeahs,null
10415,yealm,null
10416,yeans,null
10417,yeard,null
10418,years,null
10419,yecch,null
10420,yechs,null
10421,yechy,null
10422,yedes,null
10423,yeeds,null
10424,yeesh,null
10425,yeggs,null
10426,yelks,null
10427,yells,null
10428,yelms,null
10429,yelps,null
10430,yelts,null
10431,yenta,null
10432,yente,null
10433,yerba,null
10434,yerds,null
10435,yerks,null
10436,yeses,null
10437,yesks,null
10438,yests,null
10439,yesty,null
10440,yetis,null
10441,yetts,null
10442,yeuks,null
10443,yeuky,null
10444,yeven,null
10445,yeves,null
10446,yewen,null
10447,yexed,null
10448,yexes,null
10449,yfere,null
10450,yiked,null
10451,yikes,null
10452,yills,null
10453,yince,null
10454,yipes,null
10455,yippy,null
10456,yirds,null
10457,yirks,null
10458,yirrs,null
10459,yirth,null
10460,yites,null
10461,yitie,null
10462,ylems,null
10463,ylike,null
10464,ylkes,null
10465,ymolt,null
10466,ympes,null
10467,yobbo,null
10468,yobby,null
10469,yocks,null
10470,yodel,null
10471,yodhs,null
10472,yodle,null
10473,yogas,null
10474,yogee,null
10475,yoghs,null
10476,yogic,null
10477,yogin,null
10478,yogis,null
10479,yoick,null
10480,yojan,null
10481,yoked,null
10482,yokel,null
10483,yoker,null
10484,yokes,null
10485,yokul,null
10486,yolks,null
10487,yolky,null
10488,yomim,null
10489,yomps,null
10490,yonic,null
10491,yonis,null
10492,yonks,null
10493,yoofs,null
10494,yoops,null
10495,yores,null
10496,yorks,null
10497,yorps,null
10498,youks,null
10499,yourn,null
10500,yours,null
10501,yourt,null
10502,youse,null
10503,yowed,null
10504,yowes,null
10505,yowie,null
10506,yowls,null
10507,yowza,null
10508,yrapt,null
10509,yrent,null
10510,yrivd,null
10511,yrneh,null
10512,ysame,null
10513,ytost,null
10514,yuans,null
10515,yucas,null
10516,yucca,null
10517,yucch,null
10518,yucko,null
10519,yucks,null
10520,yucky,null
10521,yufts,null
10522,yugas,null
10523,yuked,null
10524,yukes,null
10525,yukky,null
10526,yukos,null
10527,yulan,null
10528,yules,null
10529,yummo,null
10530,yummy,null
10531,yumps,null
10532,yupon,null
10533,yuppy,null
10534,yurta,null
10535,yurts,null
10536,yuzus,null
10537,zabra,null
10538,zacks,null
10539,zaida,null
10540,zaidy,null
10541,zaire,null
10542,zakat,null
10543,zaman,null
10544,zambo,null
10545,zamia,null
10546,zanja,null
10547,zante,null
10548,zanza,null
10549,zanze,null
10550,zappy,null
10551,zarfs,null
10552,zaris,null
10553,zatis,null
10554,zaxes,null
10555,zayin,null
10556,zazen,null
10557,zeals,null
10558,zebec,null
10559,zebub,null
10560,zebus,null
10561,zedas,null
10562,zeins,null
10563,zendo,null
10564,zerda,null
10565,zerks,null
10566,zeros,null
10567,zests,null
10568,zetas,null
10569,zexes,null
10570,zezes,null
10571,zhomo,null
10572,zibet,null
10573,ziffs,null
10574,zigan,null
10575,zilas,null
10576,zilch,null
10577,zilla,null
10578,zills,null
10579,zimbi,null
10580,zimbs,null
10581,zinco,null
10582,zincs,null
10583,zincy,null
10584,zineb,null
10585,zines,null
10586,zings,null
10587,zingy,null
10588,zinke,null
10589,zinky,null
10590,zippo,null
10591,zippy,null
10592,ziram,null
10593,zitis,null
10594,zizel,null
10595,zizit,null
10596,zlote,null
10597,zloty,null
10598,zoaea,null
10599,zobos,null
10600,zobus,null
10601,zocco,null
10602,zoeae,null
10603,zoeal,null
10604,zoeas,null
10605,zoism,null
10606,zoist,null
10607,zombi,null
10608,zonae,null
10609,zonda,null
10610,zoned,null
10611,zoner,null
10612,zones,null
10613,zonks,null
10614,zooea,null
10615,zooey,null
10616,zooid,null
10617,zooks,null
10618,zooms,null
10619,zoons,null
10620,zooty,null
10621,zoppa,null
10622,zoppo,null
10623,zoril,null
10624,zoris,null
10625,zorro,null
10626,zouks,null
10627,zowee,null
10628,zowie,null
10629,zulus,null
10630,zupan,null
10631,zupas,null
10632,zuppa,null
10633,zurfs,null
10634,zuzim,null
10635,zygal,null
10636,zygon,null
10637,zymes,null
10638,zymic,null
